,Engine Size,Cylinders,CO2 Rating,Transmission_X,Vehicle Class_X,D,E,X,Z
0,2.4,4,6.0,1.0,2.0,0,0,0,1
1,3.5,6,4.0,3.0,6.0,0,0,0,1
2,2.0,4,5.0,3.0,6.0,0,0,0,1
3,2.0,4,5.0,3.0,6.0,0,0,0,1
4,2.0,4,5.0,3.0,2.0,0,0,0,1
5,2.0,4,5.0,3.0,2.0,0,0,0,1
6,3.0,6,5.0,3.0,2.0,0,0,0,1
7,3.0,6,4.0,3.0,2.0,0,0,0,1
8,2.0,4,6.0,4.0,4.0,0,0,0,1
9,2.0,4,5.0,4.0,4.0,0,0,0,1
10,2.9,6,4.0,4.0,4.0,0,0,0,1
11,2.0,4,5.0,4.0,6.0,0,0,0,1
12,2.0,4,5.0,4.0,6.0,0,0,0,1
13,2.9,6,4.0,4.0,6.0,0,0,0,1
14,4.0,8,4.0,4.0,1.0,0,0,0,1
15,5.2,12,3.0,4.0,1.0,0,0,0,1
16,5.2,12,3.0,4.0,1.0,0,0,0,1
17,4.0,8,3.0,4.0,7.0,0,0,0,1
18,4.0,8,4.0,4.0,0.0,0,0,0,1
19,2.0,4,7.0,1.0,3.0,0,0,1,0
20,2.0,4,6.0,1.0,2.0,0,0,0,1
21,2.0,4,6.0,1.0,2.0,0,0,0,1
22,2.0,4,6.0,1.0,9.0,0,0,0,1
23,2.0,4,5.0,1.0,3.0,0,0,0,1
24,2.0,4,6.0,1.0,3.0,0,0,0,1
25,2.0,4,6.0,1.0,4.0,0,0,0,1
26,2.0,4,6.0,1.0,4.0,0,0,0,1
27,3.0,6,5.0,1.0,4.0,0,0,0,1
28,3.0,6,5.0,1.0,10.0,0,0,0,1
29,3.0,6,5.0,1.0,4.0,0,0,0,1
30,3.0,6,5.0,3.0,5.0,0,0,0,1
31,2.0,4,5.0,3.0,6.0,0,0,1,0
32,2.0,4,5.0,3.0,6.0,0,0,1,0
33,2.0,4,5.0,1.0,6.0,0,0,0,1
34,2.0,4,5.0,1.0,6.0,0,0,0,1
35,2.0,4,5.0,1.0,6.0,0,0,0,1
36,2.0,4,5.0,3.0,7.0,0,0,0,1
37,3.0,6,4.0,3.0,7.0,0,0,0,1
38,3.0,6,4.0,3.0,7.0,0,0,0,1
39,5.2,10,3.0,1.0,0.0,0,0,0,1
40,5.2,10,3.0,1.0,0.0,0,0,0,1
41,5.2,10,3.0,1.0,0.0,0,0,0,1
42,5.2,10,3.0,1.0,0.0,0,0,0,1
43,2.9,6,4.0,3.0,3.0,0,0,0,1
44,2.9,6,4.0,3.0,4.0,0,0,0,1
45,4.0,8,3.0,3.0,10.0,0,0,0,1
46,4.0,8,3.0,3.0,4.0,0,0,0,1
47,4.0,8,2.0,3.0,7.0,0,0,0,1
48,2.0,4,6.0,1.0,3.0,0,0,0,1
49,3.0,6,5.0,3.0,2.0,0,0,0,1
50,3.0,6,5.0,3.0,3.0,0,0,0,1
51,3.0,6,5.0,3.0,3.0,0,0,0,1
52,3.0,6,5.0,3.0,4.0,0,0,0,1
53,2.9,6,5.0,3.0,4.0,0,0,0,1
54,2.9,6,5.0,3.0,4.0,0,0,0,1
55,4.0,8,3.0,3.0,5.0,0,0,0,1
56,3.0,6,4.0,3.0,6.0,0,0,0,1
57,3.0,6,4.0,3.0,6.0,0,0,0,1
58,4.0,8,3.0,3.0,7.0,0,0,0,1
59,4.0,8,3.0,3.0,7.0,0,0,0,1
60,2.0,4,5.0,1.0,3.0,0,0,1,0
61,2.0,4,5.0,1.0,0.0,0,0,1,0
62,2.5,5,5.0,1.0,3.0,0,0,0,1
63,2.0,4,5.0,1.0,3.0,0,0,0,1
64,4.0,8,3.0,3.0,7.0,0,0,0,1
65,6.0,12,2.0,3.0,7.0,0,0,0,1
66,4.0,8,4.0,1.0,3.0,0,0,0,1
67,6.0,12,2.0,1.0,3.0,0,0,0,1
68,4.0,8,4.0,1.0,1.0,0,0,0,1
69,6.0,12,2.0,1.0,1.0,0,0,0,1
70,4.0,8,3.0,1.0,4.0,0,0,0,1
71,6.0,12,2.0,1.0,4.0,0,0,0,1
72,2.0,4,6.0,3.0,2.0,0,0,0,1
73,2.0,4,6.0,3.0,3.0,0,0,0,1
74,2.0,4,6.0,3.0,3.0,0,0,0,1
75,2.0,4,6.0,3.0,4.0,0,0,0,1
76,3.0,6,5.0,3.0,5.0,0,0,0,1
77,4.4,8,4.0,3.0,5.0,0,0,0,1
78,4.4,8,4.0,3.0,5.0,0,0,0,1
79,4.4,8,4.0,3.0,5.0,0,0,0,1
80,4.4,8,4.0,3.0,4.0,0,0,0,1
81,4.4,8,3.0,3.0,7.0,0,0,0,1
82,2.0,4,5.0,3.0,2.0,0,0,0,1
83,3.0,6,5.0,3.0,3.0,0,0,0,1
84,3.0,6,4.0,2.0,2.0,0,0,0,1
85,3.0,6,4.0,3.0,2.0,0,0,0,1
86,3.0,6,4.0,3.0,2.0,0,0,0,1
87,3.0,6,5.0,3.0,2.0,0,0,0,1
88,3.0,6,3.0,3.0,3.0,0,0,0,1
89,3.0,6,4.0,2.0,3.0,0,0,0,1
90,3.0,6,4.0,3.0,3.0,0,0,0,1
91,3.0,6,4.0,3.0,3.0,0,0,0,1
92,3.0,6,5.0,3.0,3.0,0,0,0,1
93,3.0,6,5.0,3.0,3.0,0,0,0,1
94,3.0,6,5.0,3.0,2.0,0,0,0,1
95,4.4,8,3.0,3.0,4.0,0,0,0,1
96,4.4,8,3.0,3.0,4.0,0,0,0,1
97,4.4,8,3.0,3.0,4.0,0,0,0,1
98,4.4,8,4.0,3.0,4.0,0,0,0,1
99,6.6,12,3.0,3.0,5.0,0,0,0,1
100,4.4,8,3.0,3.0,3.0,0,0,0,1
101,4.4,8,3.0,3.0,3.0,0,0,0,1
102,4.4,8,3.0,3.0,3.0,0,0,0,1
103,4.4,8,3.0,3.0,3.0,0,0,0,1
104,4.4,8,3.0,3.0,4.0,0,0,0,1
105,4.4,8,3.0,3.0,4.0,0,0,0,1
106,4.4,8,4.0,3.0,3.0,0,0,0,1
107,4.4,8,4.0,3.0,3.0,0,0,0,1
108,4.4,8,4.0,3.0,4.0,0,0,0,1
109,2.0,4,5.0,3.0,6.0,0,0,0,1
110,2.0,4,6.0,3.0,6.0,0,0,0,1
111,2.0,4,6.0,3.0,6.0,0,0,0,1
112,2.0,4,5.0,3.0,6.0,0,0,0,1
113,3.0,6,3.0,3.0,6.0,0,0,0,1
114,3.0,6,3.0,3.0,6.0,0,0,0,1
115,3.0,6,5.0,3.0,6.0,0,0,0,1
116,2.0,4,5.0,3.0,6.0,0,0,0,1
117,3.0,6,3.0,3.0,6.0,0,0,0,1
118,3.0,6,3.0,3.0,6.0,0,0,0,1
119,3.0,6,5.0,3.0,6.0,0,0,0,1
120,3.0,6,5.0,3.0,7.0,0,0,0,1
121,4.4,8,2.0,3.0,7.0,0,0,0,1
122,4.4,8,2.0,3.0,7.0,0,0,0,1
123,4.4,8,3.0,3.0,7.0,0,0,0,1
124,3.0,6,5.0,3.0,7.0,0,0,0,1
125,4.4,8,2.0,3.0,7.0,0,0,0,1
126,4.4,8,2.0,3.0,7.0,0,0,0,1
127,4.4,8,3.0,3.0,7.0,0,0,0,1
128,3.0,6,5.0,3.0,7.0,0,0,0,1
129,4.4,8,3.0,3.0,7.0,0,0,0,1
130,2.0,4,6.0,3.0,0.0,0,0,0,1
131,3.0,6,5.0,3.0,0.0,0,0,0,1
132,8.0,16,1.0,1.0,0.0,0,0,0,1
133,8.0,16,1.0,1.0,0.0,0,0,0,1
134,8.0,16,1.0,1.0,0.0,0,0,0,1
135,3.6,6,4.0,4.0,7.0,0,0,1,0
136,3.6,6,4.0,4.0,7.0,0,0,1,0
137,1.4,4,6.0,3.0,6.0,0,0,1,0
138,1.4,4,5.0,3.0,6.0,0,0,1,0
139,1.2,3,6.0,0.0,6.0,0,0,1,0
140,1.3,3,6.0,0.0,6.0,0,0,1,0
141,1.3,3,6.0,4.0,6.0,0,0,1,0
142,2.0,4,5.0,3.0,6.0,0,0,1,0
143,2.0,4,5.0,3.0,6.0,0,0,1,0
144,2.0,4,6.0,3.0,2.0,0,0,0,1
145,2.7,4,5.0,3.0,2.0,0,0,0,1
146,2.0,4,5.0,3.0,2.0,0,0,0,1
147,2.7,4,5.0,3.0,2.0,0,0,0,1
148,2.7,4,5.0,3.0,2.0,0,0,0,1
149,2.7,4,5.0,3.0,2.0,0,0,0,1
150,3.6,6,4.0,3.0,2.0,0,0,0,1
151,3.6,6,3.0,2.0,2.0,0,0,0,1
152,2.0,4,6.0,3.0,4.0,0,0,0,1
153,3.0,6,5.0,3.0,4.0,0,0,0,1
154,2.0,4,5.0,3.0,4.0,0,0,0,1
155,3.0,6,4.0,3.0,4.0,0,0,0,1
156,3.0,6,4.0,3.0,4.0,0,0,0,1
157,3.0,6,4.0,3.0,4.0,0,0,0,1
158,6.2,8,3.0,3.0,4.0,0,0,0,1
159,6.2,8,3.0,2.0,4.0,0,0,0,1
160,3.0,6,4.0,4.0,7.0,1,0,0,0
161,6.2,8,3.0,4.0,7.0,0,0,0,1
162,6.2,8,3.0,4.0,7.0,0,0,0,1
163,2.0,4,5.0,3.0,6.0,0,0,0,1
164,2.0,4,5.0,3.0,6.0,0,0,0,1
165,2.0,4,5.0,3.0,6.0,0,0,0,1
166,2.0,4,5.0,3.0,6.0,0,0,0,1
167,3.6,6,4.0,3.0,6.0,0,0,1,0
168,2.0,4,5.0,3.0,6.0,0,0,0,1
169,3.6,6,4.0,3.0,6.0,0,0,1,0
170,2.0,4,5.0,4.0,6.0,0,0,1,0
171,3.6,6,5.0,4.0,6.0,0,0,1,0
172,2.0,4,5.0,4.0,6.0,0,0,1,0
173,3.6,6,4.0,4.0,6.0,0,0,1,0
174,2.0,4,5.0,3.0,3.0,0,0,0,1
175,2.0,4,5.0,2.0,3.0,0,0,0,1
176,3.6,6,5.0,3.0,3.0,0,0,1,0
177,3.6,6,4.0,2.0,3.0,0,0,1,0
178,6.2,8,4.0,3.0,3.0,0,0,0,1
179,6.2,8,4.0,2.0,3.0,0,0,0,1
180,6.2,8,3.0,3.0,3.0,0,0,0,1
181,6.2,8,3.0,2.0,3.0,0,0,0,1
182,2.5,4,5.0,4.0,11.0,0,0,1,0
183,2.8,4,4.0,4.0,11.0,1,0,0,0
184,3.6,6,4.0,4.0,11.0,0,0,1,0
185,2.5,4,4.0,4.0,11.0,0,0,1,0
186,2.8,4,4.0,4.0,11.0,1,0,0,0
187,3.6,6,4.0,4.0,11.0,0,0,1,0
188,2.8,4,3.0,4.0,11.0,1,0,0,0
189,3.6,6,3.0,4.0,11.0,0,0,1,0
190,6.2,8,4.0,3.0,0.0,0,0,0,1
191,1.5,4,6.0,4.0,6.0,0,0,1,0
192,1.5,4,6.0,4.0,6.0,0,0,1,0
193,1.5,4,7.0,0.0,4.0,0,0,1,0
194,2.0,4,5.0,4.0,4.0,0,0,0,1
195,2.7,4,4.0,4.0,13.0,0,0,1,0
196,3.0,6,5.0,4.0,13.0,1,0,0,0
197,5.3,8,3.0,4.0,13.0,0,0,1,0
198,5.3,8,3.0,4.0,13.0,0,1,0,0
199,5.3,8,3.0,4.0,13.0,0,0,1,0
200,5.3,8,3.0,4.0,13.0,0,0,1,0
201,2.7,4,3.0,4.0,13.0,0,0,1,0
202,2.7,4,3.0,4.0,13.0,0,0,1,0
203,3.0,6,4.0,4.0,13.0,1,0,0,0
204,3.0,6,4.0,4.0,13.0,1,0,0,0
205,3.0,6,4.0,4.0,13.0,1,0,0,0
206,5.3,8,3.0,4.0,13.0,0,0,1,0
207,5.3,8,3.0,4.0,13.0,0,1,0,0
208,5.3,8,2.0,4.0,13.0,0,0,1,0
209,5.3,8,2.0,4.0,13.0,0,1,0,0
210,5.3,8,3.0,4.0,13.0,0,0,1,0
211,5.3,8,2.0,4.0,13.0,0,0,1,0
212,5.3,8,3.0,4.0,13.0,0,0,1,0
213,5.3,8,3.0,4.0,13.0,0,0,1,0
214,5.3,8,3.0,4.0,13.0,0,0,1,0
215,5.3,8,3.0,4.0,13.0,0,0,1,0
216,5.3,8,2.0,4.0,13.0,0,0,1,0
217,5.3,8,2.0,4.0,13.0,0,0,1,0
218,5.3,8,2.0,4.0,13.0,0,0,1,0
219,6.2,8,3.0,4.0,13.0,0,0,0,1
220,6.2,8,3.0,4.0,13.0,0,0,0,1
221,6.2,8,3.0,4.0,13.0,0,0,0,1
222,6.2,8,3.0,4.0,13.0,0,0,0,1
223,6.2,8,2.0,4.0,13.0,0,0,0,1
224,6.2,8,2.0,4.0,13.0,0,0,0,1
225,1.4,4,7.0,0.0,3.0,0,0,1,0
226,1.4,4,7.0,2.0,3.0,0,0,1,0
227,3.0,6,4.0,4.0,7.0,1,0,0,0
228,5.3,8,3.0,4.0,7.0,0,0,1,0
229,5.3,8,3.0,4.0,7.0,0,0,1,0
230,3.0,6,4.0,4.0,7.0,1,0,0,0
231,5.3,8,3.0,4.0,7.0,0,0,1,0
232,5.3,8,3.0,4.0,7.0,0,0,1,0
233,6.2,8,3.0,4.0,7.0,0,0,0,1
234,6.2,8,3.0,4.0,7.0,0,0,0,1
235,3.0,6,4.0,4.0,7.0,1,0,0,0
236,5.3,8,3.0,4.0,7.0,0,0,1,0
237,5.3,8,3.0,4.0,7.0,0,0,1,0
238,3.0,6,4.0,4.0,7.0,1,0,0,0
239,5.3,8,3.0,4.0,7.0,0,0,1,0
240,5.3,8,3.0,4.0,7.0,0,0,1,0
241,6.2,8,3.0,4.0,7.0,0,0,0,1
242,6.2,8,3.0,4.0,7.0,0,0,0,1
243,1.2,3,6.0,0.0,6.0,0,0,1,0
244,1.3,3,7.0,0.0,6.0,0,0,1,0
245,1.3,3,6.0,4.0,6.0,0,0,1,0
246,3.6,6,4.0,4.0,7.0,0,0,1,0
247,3.6,6,4.0,4.0,7.0,0,0,1,0
248,1.4,4,6.0,3.0,6.0,0,0,1,0
249,1.4,4,5.0,3.0,6.0,0,0,1,0
250,3.6,6,5.0,4.0,5.0,0,0,1,0
251,5.7,8,4.0,4.0,5.0,0,0,1,0
252,3.6,6,4.0,4.0,5.0,0,0,1,0
253,3.6,6,5.0,4.0,8.0,0,0,1,0
254,3.6,6,5.0,4.0,8.0,0,0,1,0
255,3.6,6,4.0,4.0,8.0,0,0,1,0
256,3.6,6,5.0,4.0,4.0,0,0,1,0
257,5.7,8,4.0,4.0,4.0,0,0,1,0
258,5.7,8,3.0,2.0,4.0,0,0,0,1
259,6.4,8,3.0,4.0,4.0,0,0,0,1
260,6.4,8,3.0,2.0,4.0,0,0,0,1
261,3.6,6,4.0,4.0,4.0,0,0,1,0
262,6.4,8,3.0,4.0,4.0,0,0,0,1
263,6.4,8,3.0,2.0,4.0,0,0,0,1
264,6.2,8,3.0,4.0,4.0,0,0,0,1
265,6.2,8,3.0,2.0,4.0,0,0,0,1
266,6.2,8,2.0,4.0,4.0,0,0,0,1
267,6.2,8,3.0,2.0,4.0,0,0,0,1
268,3.6,6,5.0,4.0,5.0,0,0,1,0
269,5.7,8,4.0,4.0,5.0,0,0,1,0
270,6.4,8,3.0,4.0,5.0,0,0,0,1
271,3.6,6,4.0,4.0,5.0,0,0,1,0
272,6.4,8,3.0,4.0,5.0,0,0,0,1
273,6.2,8,2.0,4.0,5.0,0,0,0,1
274,3.6,6,4.0,4.0,7.0,0,0,1,0
275,5.7,8,3.0,4.0,7.0,0,0,1,0
276,6.4,8,2.0,4.0,7.0,0,0,0,1
277,1.3,4,5.0,4.0,6.0,0,0,1,0
278,2.3,4,4.0,3.0,6.0,0,0,1,0
279,2.3,4,4.0,2.0,6.0,0,0,1,0
280,2.7,6,4.0,3.0,6.0,0,0,1,0
281,2.3,4,3.0,3.0,6.0,0,0,1,0
282,2.3,4,3.0,2.0,6.0,0,0,1,0
283,2.7,6,3.0,3.0,6.0,0,0,1,0
284,2.3,4,3.0,3.0,6.0,0,0,1,0
285,2.3,4,3.0,2.0,6.0,0,0,1,0
286,2.3,4,3.0,3.0,6.0,0,0,1,0
287,2.3,4,3.0,2.0,6.0,0,0,1,0
288,2.7,6,3.0,3.0,6.0,0,0,1,0
289,1.5,3,5.0,4.0,6.0,0,0,1,0
290,2.0,4,5.0,3.0,6.0,0,0,1,0
291,2.0,4,5.0,3.0,6.0,0,0,1,0
292,2.0,4,5.0,4.0,6.0,0,0,1,0
293,2.0,4,5.0,3.0,6.0,0,0,1,0
294,2.7,6,4.0,3.0,6.0,0,0,1,0
295,1.5,3,6.0,4.0,6.0,0,0,1,0
296,1.5,3,6.0,4.0,6.0,0,0,1,0
297,2.0,4,5.0,4.0,6.0,0,0,1,0
298,2.5,4,8.0,0.0,6.0,0,0,1,0
299,2.5,4,8.0,0.0,6.0,0,0,1,0
300,3.5,6,3.0,3.0,7.0,0,0,1,0
301,3.5,6,3.0,3.0,7.0,0,0,1,0
302,3.5,6,3.0,3.0,7.0,0,0,1,0
303,3.5,6,3.0,3.0,7.0,0,0,1,0
304,2.3,4,5.0,4.0,7.0,0,0,1,0
305,2.3,4,5.0,4.0,7.0,0,0,1,0
306,2.3,4,4.0,3.0,7.0,0,0,1,0
307,2.3,4,4.0,3.0,7.0,0,0,1,0
308,3.0,6,4.0,4.0,7.0,0,0,1,0
309,3.3,6,6.0,3.0,7.0,0,0,1,0
310,2.7,6,5.0,3.0,13.0,0,0,1,0
311,2.7,6,4.0,3.0,13.0,0,0,1,0
312,3.3,6,4.0,3.0,13.0,0,0,1,0
313,3.3,6,5.0,3.0,13.0,0,1,0,0
314,3.5,6,4.0,3.0,13.0,0,0,1,0
315,3.5,6,4.0,3.0,13.0,0,0,1,0
316,5.0,8,3.0,3.0,13.0,0,0,1,0
317,5.0,8,4.0,3.0,13.0,0,1,0,0
318,5.0,8,3.0,3.0,13.0,0,0,1,0
319,5.0,8,4.0,3.0,13.0,0,1,0,0
320,2.7,6,4.0,3.0,13.0,0,0,1,0
321,3.3,6,4.0,3.0,13.0,0,0,1,0
322,3.3,6,5.0,3.0,13.0,0,1,0,0
323,3.5,6,4.0,3.0,13.0,0,0,1,0
324,3.5,6,3.0,3.0,13.0,0,0,1,0
325,5.0,8,3.0,3.0,13.0,0,0,1,0
326,5.0,8,3.0,3.0,13.0,0,1,0,0
327,5.0,8,3.0,3.0,13.0,0,0,1,0
328,5.0,8,4.0,3.0,13.0,0,1,0,0
329,3.5,6,3.0,3.0,13.0,0,0,1,0
330,3.5,6,2.0,3.0,13.0,0,0,1,0
331,3.5,6,2.0,3.0,13.0,0,0,1,0
332,3.5,6,2.0,3.0,13.0,0,0,1,0
333,3.5,6,3.0,3.0,13.0,0,0,1,0
334,3.5,6,3.0,3.0,13.0,0,0,1,0
335,3.5,6,5.0,3.0,13.0,0,0,1,0
336,3.5,6,5.0,3.0,13.0,0,0,1,0
337,3.5,6,2.0,1.0,0.0,0,0,0,1
338,2.0,4,5.0,4.0,11.0,0,0,1,0
339,2.5,4,8.0,0.0,11.0,0,0,1,0
340,2.3,4,5.0,4.0,3.0,0,0,1,0
341,2.3,4,5.0,3.0,3.0,0,0,1,0
342,2.3,4,5.0,2.0,3.0,0,0,1,0
343,2.3,4,5.0,2.0,3.0,0,0,1,0
344,5.0,8,4.0,3.0,3.0,0,0,1,0
345,5.0,8,4.0,2.0,3.0,0,0,1,0
346,2.3,4,5.0,4.0,3.0,0,0,1,0
347,2.3,4,5.0,3.0,3.0,0,0,1,0
348,2.3,4,5.0,3.0,3.0,0,0,1,0
349,2.3,4,5.0,2.0,3.0,0,0,1,0
350,2.3,4,5.0,2.0,3.0,0,0,1,0
351,5.0,8,3.0,3.0,3.0,0,0,1,0
352,5.0,8,3.0,3.0,3.0,0,0,1,0
353,5.0,8,3.0,2.0,3.0,0,0,1,0
354,2.3,4,5.0,3.0,13.0,0,0,1,0
355,2.3,4,4.0,3.0,13.0,0,0,1,0
356,2.3,4,4.0,3.0,13.0,0,0,1,0
357,5.2,8,2.0,1.0,3.0,0,0,0,1
358,2.0,4,5.0,3.0,12.0,0,0,1,0
359,2.0,4,5.0,3.0,12.0,0,0,1,0
360,2.0,4,5.0,3.0,12.0,0,1,0,0
361,2.5,4,5.0,3.0,12.0,0,0,1,0
362,2.0,4,5.0,3.0,12.0,0,0,1,0
363,2.0,4,5.0,3.0,12.0,0,0,1,0
364,2.0,4,5.0,3.0,12.0,0,1,0,0
365,2.5,4,5.0,3.0,12.0,0,0,1,0
366,3.3,6,4.0,3.0,2.0,0,0,0,1
367,2.5,4,5.0,3.0,5.0,0,0,0,1
368,3.5,6,4.0,3.0,5.0,0,0,0,1
369,5.0,8,3.0,3.0,5.0,0,0,0,1
370,2.5,4,5.0,3.0,6.0,0,0,0,1
371,3.5,6,4.0,3.0,6.0,0,0,0,1
372,2.5,4,5.0,3.0,7.0,0,0,0,1
373,3.5,6,4.0,3.0,7.0,0,0,0,1
374,2.0,4,5.0,4.0,7.0,0,0,1,0
375,3.6,6,5.0,4.0,7.0,0,0,0,1
376,2.0,4,5.0,4.0,7.0,0,0,1,0
377,3.6,6,4.0,4.0,7.0,0,0,1,0
378,2.5,4,5.0,4.0,11.0,0,0,1,0
379,2.8,4,4.0,4.0,11.0,1,0,0,0
380,3.6,6,4.0,4.0,11.0,0,0,1,0
381,2.5,4,4.0,4.0,11.0,0,0,1,0
382,2.8,4,4.0,4.0,11.0,1,0,0,0
383,3.6,6,4.0,4.0,11.0,0,0,1,0
384,2.7,4,4.0,4.0,13.0,0,0,1,0
385,3.0,6,5.0,4.0,13.0,1,0,0,0
386,5.3,8,3.0,4.0,13.0,0,0,1,0
387,5.3,8,3.0,4.0,13.0,0,1,0,0
388,5.3,8,3.0,4.0,13.0,0,0,1,0
389,5.3,8,3.0,4.0,13.0,0,0,1,0
390,2.7,4,3.0,4.0,13.0,0,0,1,0
391,2.7,4,3.0,4.0,13.0,0,0,1,0
392,3.0,6,4.0,4.0,13.0,1,0,0,0
393,3.0,6,4.0,4.0,13.0,1,0,0,0
394,5.3,8,3.0,4.0,13.0,0,0,1,0
395,5.3,8,3.0,4.0,13.0,0,1,0,0
396,5.3,8,2.0,4.0,13.0,0,0,1,0
397,5.3,8,2.0,4.0,13.0,0,1,0,0
398,5.3,8,3.0,4.0,13.0,0,0,1,0
399,5.3,8,2.0,4.0,13.0,0,0,1,0
400,5.3,8,3.0,4.0,13.0,0,0,1,0
401,5.3,8,3.0,4.0,13.0,0,0,1,0
402,5.3,8,3.0,4.0,13.0,0,0,1,0
403,5.3,8,3.0,4.0,13.0,0,0,1,0
404,5.3,8,2.0,4.0,13.0,0,0,1,0
405,5.3,8,2.0,4.0,13.0,0,0,1,0
406,6.2,8,3.0,4.0,13.0,0,0,0,1
407,6.2,8,3.0,4.0,13.0,0,0,0,1
408,6.2,8,3.0,4.0,13.0,0,0,0,1
409,6.2,8,2.0,4.0,13.0,0,0,0,1
410,1.5,4,6.0,4.0,6.0,0,0,1,0
411,1.5,4,5.0,4.0,6.0,0,0,1,0
412,3.0,6,4.0,4.0,7.0,1,0,0,0
413,5.3,8,3.0,4.0,7.0,0,0,1,0
414,5.3,8,3.0,4.0,7.0,0,0,1,0
415,3.0,6,4.0,4.0,7.0,1,0,0,0
416,5.3,8,3.0,4.0,7.0,0,0,1,0
417,5.3,8,3.0,4.0,7.0,0,0,1,0
418,6.2,8,3.0,4.0,7.0,0,0,0,1
419,6.2,8,3.0,4.0,7.0,0,0,0,1
420,3.0,6,4.0,4.0,7.0,1,0,0,0
421,5.3,8,3.0,4.0,7.0,0,0,1,0
422,5.3,8,3.0,4.0,7.0,0,0,1,0
423,3.0,6,4.0,4.0,7.0,1,0,0,0
424,5.3,8,3.0,4.0,7.0,0,0,1,0
425,5.3,8,3.0,4.0,7.0,0,0,1,0
426,6.2,8,3.0,4.0,7.0,0,0,0,1
427,6.2,8,3.0,4.0,7.0,0,0,0,1
428,1.5,4,7.0,0.0,5.0,0,0,1,0
429,1.5,4,7.0,0.0,5.0,0,0,1,0
430,2.0,4,5.0,3.0,5.0,0,0,1,0
431,2.0,4,9.0,0.0,5.0,0,0,1,0
432,2.0,4,8.0,0.0,5.0,0,0,1,0
433,1.5,4,7.0,0.0,5.0,0,0,1,0
434,1.5,4,7.0,2.0,5.0,0,0,1,0
435,2.0,4,7.0,0.0,5.0,0,0,1,0
436,2.0,4,6.0,2.0,5.0,0,0,1,0
437,1.5,4,7.0,0.0,4.0,0,0,1,0
438,2.0,4,7.0,0.0,4.0,0,0,1,0
439,2.0,4,7.0,0.0,4.0,0,0,1,0
440,1.5,4,7.0,2.0,4.0,0,0,0,1
441,1.5,4,7.0,0.0,6.0,0,0,1,0
442,1.5,4,6.0,0.0,6.0,0,0,1,0
443,1.8,4,6.0,0.0,9.0,0,0,1,0
444,1.8,4,6.0,0.0,9.0,0,0,1,0
445,1.8,4,6.0,0.0,9.0,0,0,1,0
446,3.5,6,5.0,3.0,8.0,0,0,1,0
447,3.5,6,4.0,3.0,6.0,0,0,1,0
448,3.5,6,5.0,3.0,6.0,0,0,1,0
449,3.5,6,4.0,3.0,6.0,0,0,1,0
450,3.5,6,4.0,3.0,13.0,0,0,1,0
451,1.6,4,7.0,1.0,4.0,0,0,1,0
452,2.0,4,7.0,0.0,4.0,0,0,1,0
453,2.0,4,7.0,0.0,4.0,0,0,1,0
454,2.0,4,6.0,2.0,4.0,0,0,1,0
455,2.0,4,5.0,1.0,4.0,0,0,0,1
456,2.0,4,5.0,2.0,4.0,0,0,0,1
457,1.6,4,9.0,1.0,4.0,0,0,1,0
458,1.6,4,9.0,1.0,5.0,0,0,1,0
459,1.6,4,10.0,1.0,5.0,0,0,1,0
460,2.0,4,7.0,0.0,6.0,0,0,1,0
461,2.0,4,5.0,1.0,6.0,0,0,0,1
462,1.6,4,6.0,1.0,6.0,0,0,1,0
463,2.0,4,6.0,0.0,6.0,0,0,1,0
464,3.8,6,4.0,3.0,7.0,0,0,1,0
465,2.5,4,5.0,1.0,11.0,0,0,1,0
466,2.5,4,5.0,1.0,6.0,0,0,1,0
467,2.5,4,5.0,3.0,6.0,0,0,1,0
468,1.6,4,7.0,1.0,6.0,0,0,1,0
469,1.6,4,6.0,3.0,5.0,0,0,1,0
470,2.5,4,6.0,1.0,5.0,0,0,1,0
471,2.5,4,6.0,3.0,5.0,0,0,1,0
472,2.0,4,9.0,1.0,5.0,0,0,1,0
473,2.5,4,6.0,3.0,6.0,0,0,1,0
474,2.5,4,5.0,3.0,6.0,0,0,1,0
475,1.6,4,7.0,1.0,6.0,0,0,1,0
476,2.0,4,5.0,1.0,2.0,0,0,0,1
477,2.0,4,5.0,2.0,2.0,0,0,0,1
478,1.6,4,7.0,0.0,4.0,0,0,1,0
479,1.6,4,6.0,2.0,4.0,0,0,1,0
480,3.0,6,5.0,3.0,4.0,0,0,0,1
481,3.0,6,4.0,3.0,4.0,0,0,0,1
482,3.0,6,5.0,3.0,3.0,0,0,0,1
483,3.0,6,4.0,3.0,3.0,0,0,0,1
484,2.0,4,5.0,0.0,6.0,0,0,0,1
485,2.0,4,5.0,0.0,6.0,0,0,0,1
486,3.5,6,5.0,3.0,7.0,0,0,0,1
487,5.6,8,3.0,3.0,7.0,0,0,0,1
488,2.0,4,5.0,3.0,6.0,0,0,0,1
489,2.0,4,5.0,3.0,6.0,0,0,0,1
490,5.0,8,4.0,3.0,0.0,0,0,0,1
491,5.0,8,3.0,3.0,0.0,0,0,0,1
492,5.0,8,4.0,3.0,0.0,0,0,0,1
493,5.0,8,3.0,3.0,0.0,0,0,0,1
494,5.0,8,3.0,3.0,0.0,0,0,0,1
495,5.0,8,3.0,3.0,0.0,0,0,0,1
496,2.0,4,5.0,4.0,6.0,0,0,1,0
497,2.4,4,5.0,4.0,6.0,0,0,1,0
498,3.2,6,5.0,4.0,6.0,0,0,1,0
499,2.0,4,5.0,4.0,6.0,0,0,1,0
500,2.4,4,5.0,4.0,6.0,0,0,1,0
501,3.2,6,5.0,4.0,6.0,0,0,1,0
502,3.2,6,4.0,4.0,6.0,0,0,1,0
503,2.4,4,5.0,4.0,6.0,0,0,1,0
504,2.4,4,5.0,4.0,6.0,0,0,1,0
505,3.0,6,4.0,4.0,13.0,1,0,0,0
506,3.0,6,4.0,4.0,13.0,1,0,0,0
507,3.6,6,4.0,4.0,13.0,0,0,1,0
508,3.6,6,4.0,2.0,13.0,0,0,1,0
509,3.6,6,5.0,4.0,7.0,0,0,1,0
510,5.7,8,3.0,4.0,7.0,0,0,1,0
511,3.6,6,4.0,4.0,7.0,0,0,1,0
512,5.7,8,3.0,4.0,7.0,0,0,1,0
513,3.6,6,4.0,4.0,7.0,0,0,1,0
514,6.4,8,2.0,4.0,7.0,0,0,0,1
515,1.3,4,6.0,4.0,6.0,0,0,1,0
516,1.3,4,5.0,4.0,6.0,0,0,1,0
517,1.3,4,5.0,4.0,6.0,0,0,1,0
518,5.7,8,3.0,4.0,7.0,0,0,1,0
519,2.0,4,5.0,4.0,6.0,0,0,1,0
520,3.6,6,4.0,4.0,6.0,0,0,1,0
521,3.6,6,4.0,4.0,6.0,0,0,1,0
522,3.6,6,4.0,2.0,6.0,0,0,1,0
523,2.0,4,5.0,4.0,6.0,0,0,1,0
524,3.0,6,5.0,4.0,6.0,1,0,0,0
525,3.0,6,4.0,4.0,6.0,1,0,0,0
526,3.6,6,4.0,4.0,6.0,0,0,1,0
527,3.6,6,4.0,4.0,6.0,0,0,1,0
528,3.6,6,4.0,2.0,6.0,0,0,1,0
529,6.4,8,2.0,4.0,6.0,0,0,0,1
530,3.5,6,5.0,3.0,8.0,0,0,1,0
531,1.6,4,6.0,1.0,4.0,0,0,1,0
532,2.0,4,7.0,0.0,4.0,0,0,1,0
533,2.0,4,7.0,2.0,4.0,0,0,1,0
534,1.6,4,6.0,1.0,5.0,0,0,1,0
535,2.0,4,7.0,0.0,5.0,0,0,1,0
536,2.5,4,6.0,1.0,5.0,0,0,1,0
537,1.6,4,6.0,3.0,5.0,0,0,1,0
538,1.6,4,9.0,1.0,9.0,0,0,1,0
539,1.6,4,9.0,1.0,9.0,0,0,1,0
540,1.6,4,9.0,1.0,9.0,0,0,1,0
541,1.6,4,7.0,0.0,2.0,0,0,1,0
542,1.6,4,7.0,2.0,2.0,0,0,1,0
543,2.0,4,6.0,0.0,6.0,0,0,1,0
544,1.6,4,6.0,1.0,6.0,0,0,1,0
545,2.0,4,6.0,0.0,6.0,0,0,1,0
546,2.5,4,5.0,1.0,6.0,0,0,1,0
547,2.5,4,5.0,3.0,6.0,0,0,1,0
548,1.6,4,7.0,1.0,6.0,0,0,1,0
549,2.0,4,6.0,0.0,9.0,0,0,1,0
550,2.4,4,5.0,3.0,6.0,0,0,1,0
551,2.0,4,4.0,3.0,6.0,0,0,1,0
552,2.4,4,5.0,3.0,6.0,0,0,1,0
553,3.3,6,4.0,3.0,4.0,0,0,0,1
554,3.8,6,4.0,3.0,6.0,0,0,1,0
555,6.5,12,1.0,1.0,0.0,0,0,0,1
556,6.5,12,1.0,1.0,0.0,0,0,0,1
557,6.5,12,1.0,1.0,0.0,0,0,0,1
558,5.2,10,2.0,1.0,0.0,0,0,0,1
559,5.2,10,2.0,1.0,0.0,0,0,0,1
560,5.2,10,2.0,1.0,0.0,0,0,0,1
561,5.2,10,2.0,1.0,0.0,0,0,0,1
562,4.0,8,2.0,3.0,7.0,0,0,0,1
563,2.0,4,4.0,3.0,7.0,0,0,0,1
564,3.0,6,4.0,3.0,7.0,0,0,0,1
565,5.0,8,3.0,3.0,7.0,0,0,0,1
566,2.0,4,3.0,3.0,7.0,0,0,0,1
567,3.0,6,4.0,3.0,7.0,0,0,0,1
568,5.0,8,3.0,3.0,7.0,0,0,0,1
569,2.0,4,4.0,3.0,7.0,0,0,0,1
570,3.0,6,4.0,3.0,7.0,0,0,0,1
571,3.0,6,4.0,3.0,7.0,0,0,0,1
572,3.0,6,4.0,3.0,7.0,0,0,0,1
573,5.0,8,3.0,3.0,7.0,0,0,0,1
574,5.0,8,3.0,3.0,7.0,0,0,0,1
575,5.0,8,3.0,3.0,7.0,0,0,0,1
576,5.0,8,2.0,3.0,7.0,0,0,0,1
577,3.0,6,4.0,3.0,7.0,0,0,0,1
578,3.0,6,4.0,3.0,7.0,0,0,0,1
579,5.0,8,4.0,3.0,7.0,0,0,0,1
580,5.0,8,3.0,3.0,7.0,0,0,0,1
581,2.5,4,6.0,3.0,4.0,0,0,1,0
582,2.5,4,9.0,0.0,4.0,0,0,1,0
583,3.5,6,5.0,3.0,4.0,0,0,1,0
584,3.5,6,5.0,3.0,4.0,0,0,1,0
585,4.6,8,3.0,3.0,7.0,0,0,0,1
586,2.0,4,5.0,3.0,2.0,0,0,0,1
587,3.5,6,5.0,3.0,2.0,0,0,0,1
588,3.5,6,5.0,3.0,2.0,0,0,0,1
589,5.0,8,4.0,3.0,2.0,0,0,0,1
590,5.0,8,4.0,3.0,3.0,0,0,0,1
591,5.0,8,3.0,3.0,1.0,0,0,0,1
592,3.5,6,6.0,0.0,3.0,0,0,0,1
593,3.4,6,4.0,3.0,4.0,0,0,0,1
594,3.5,6,5.0,0.0,4.0,0,0,0,1
595,3.4,6,4.0,3.0,7.0,0,0,0,1
596,2.5,4,6.0,3.0,6.0,0,0,1,0
597,2.4,4,5.0,3.0,6.0,0,0,0,1
598,2.4,4,5.0,3.0,6.0,0,0,0,1
599,2.5,4,8.0,0.0,6.0,0,0,0,1
600,3.5,6,5.0,3.0,3.0,0,0,0,1
601,3.5,6,5.0,3.0,3.0,0,0,0,1
602,5.0,8,4.0,3.0,3.0,0,0,0,1
603,3.5,6,5.0,3.0,6.0,0,0,1,0
604,3.5,6,4.0,3.0,6.0,0,0,1,0
605,3.5,6,6.0,0.0,7.0,0,0,0,1
606,3.5,6,6.0,0.0,7.0,0,0,0,1
607,2.0,4,7.0,3.0,4.0,0,0,1,0
608,2.0,4,8.0,0.0,2.0,0,0,1,0
609,3.0,6,4.0,3.0,7.0,0,0,1,0
610,2.0,4,5.0,3.0,6.0,0,0,1,0
611,2.3,4,5.0,3.0,6.0,0,0,1,0
612,2.0,4,5.0,4.0,6.0,0,0,1,0
613,2.0,4,5.0,3.0,6.0,0,0,1,0
614,2.7,6,4.0,3.0,6.0,0,0,1,0
615,3.5,6,3.0,3.0,7.0,0,0,1,0
616,3.0,6,4.0,4.0,4.0,0,0,0,1
617,3.0,6,5.0,4.0,4.0,0,0,0,1
618,3.0,6,4.0,4.0,4.0,0,0,0,1
619,3.8,8,3.0,4.0,4.0,0,0,0,1
620,3.0,6,3.0,4.0,7.0,0,0,0,1
621,3.0,6,3.0,4.0,7.0,0,0,0,1
622,3.8,8,3.0,4.0,7.0,0,0,0,1
623,3.8,8,3.0,4.0,7.0,0,0,0,1
624,3.0,6,4.0,3.0,0.0,0,0,0,1
625,3.0,6,4.0,4.0,5.0,0,0,0,1
626,3.0,6,4.0,4.0,5.0,0,0,0,1
627,3.0,6,4.0,4.0,5.0,0,0,0,1
628,3.8,8,3.0,4.0,5.0,0,0,0,1
629,2.0,4,7.0,3.0,2.0,0,0,1,0
630,2.0,4,6.0,2.0,2.0,0,0,1,0
631,2.0,4,6.0,3.0,2.0,0,0,1,0
632,2.0,4,6.0,3.0,6.0,0,0,1,0
633,2.5,4,6.0,3.0,6.0,0,0,1,0
634,2.5,4,5.0,3.0,6.0,0,0,1,0
635,2.5,4,5.0,3.0,6.0,0,0,1,0
636,2.5,4,5.0,3.0,6.0,0,0,1,0
637,2.5,4,5.0,3.0,6.0,0,0,1,0
638,2.5,4,5.0,3.0,6.0,0,0,1,0
639,2.0,4,7.0,3.0,2.0,0,0,1,0
640,2.0,4,7.0,2.0,2.0,0,0,1,0
641,2.5,4,6.0,3.0,2.0,0,0,1,0
642,2.5,4,6.0,3.0,2.0,0,0,1,0
643,2.5,4,6.0,3.0,2.0,0,0,1,0
644,2.0,4,7.0,3.0,4.0,0,0,1,0
645,2.0,4,6.0,2.0,4.0,0,0,1,0
646,2.5,4,6.0,3.0,4.0,0,0,1,0
647,2.5,4,6.0,2.0,4.0,0,0,1,0
648,2.5,4,6.0,3.0,4.0,0,0,1,0
649,2.5,4,5.0,3.0,4.0,0,0,1,0
650,2.0,4,6.0,3.0,0.0,0,0,0,1
651,2.0,4,6.0,2.0,0.0,0,0,0,1
652,2.0,4,6.0,1.0,3.0,0,0,0,1
653,2.0,4,6.0,1.0,9.0,0,0,0,1
654,2.0,4,5.0,1.0,3.0,0,0,0,1
655,2.0,4,5.0,1.0,9.0,0,0,0,1
656,3.0,6,5.0,4.0,3.0,0,0,0,1
657,3.0,6,5.0,4.0,3.0,0,0,0,1
658,2.0,4,5.0,1.0,2.0,0,0,0,1
659,2.0,4,5.0,1.0,2.0,0,0,0,1
660,3.0,6,5.0,4.0,2.0,0,0,0,1
661,3.0,6,5.0,4.0,4.0,0,0,0,1
662,3.0,6,5.0,4.0,3.0,0,0,0,1
663,3.0,6,5.0,4.0,3.0,0,0,0,1
664,2.0,4,5.0,1.0,9.0,0,0,0,1
665,2.0,4,4.0,1.0,9.0,0,0,0,1
666,2.0,4,4.0,1.0,10.0,0,0,0,1
667,3.0,6,4.0,4.0,6.0,0,0,0,1
668,3.0,6,4.0,4.0,6.0,0,0,0,1
669,3.0,6,4.0,4.0,7.0,0,0,0,1
670,3.0,6,4.0,4.0,7.0,0,0,0,1
671,3.0,6,4.0,4.0,2.0,0,0,0,1
672,2.0,4,5.0,4.0,3.0,0,0,0,1
673,2.0,4,5.0,4.0,3.0,0,0,0,1
674,2.0,4,6.0,1.0,2.0,0,0,0,1
675,3.0,6,5.0,4.0,2.0,0,0,0,1
676,2.0,4,5.0,4.0,4.0,0,0,0,1
677,3.0,6,5.0,4.0,4.0,0,0,0,1
678,3.0,6,5.0,4.0,3.0,0,0,0,1
679,3.0,6,5.0,4.0,3.0,0,0,0,1
680,3.0,6,5.0,4.0,10.0,0,0,0,1
681,2.0,4,5.0,1.0,6.0,0,0,0,1
682,2.0,4,5.0,1.0,6.0,0,0,0,1
683,2.0,4,5.0,4.0,6.0,0,0,0,1
684,2.0,4,5.0,4.0,6.0,0,0,0,1
685,2.0,4,5.0,4.0,7.0,0,0,0,1
686,3.0,6,5.0,4.0,7.0,0,0,0,1
687,3.0,6,5.0,4.0,7.0,0,0,0,1
688,3.0,6,4.0,4.0,7.0,0,0,0,1
689,4.0,8,3.0,4.0,5.0,0,0,0,1
690,2.0,4,4.0,4.0,12.0,0,0,0,1
691,2.0,4,4.0,4.0,12.0,0,0,0,1
692,2.0,4,4.0,4.0,12.0,0,0,0,1
693,3.0,6,5.0,4.0,5.0,0,0,0,1
694,4.0,8,4.0,4.0,5.0,0,0,0,1
695,1.5,3,7.0,1.0,3.0,0,0,0,1
696,1.5,3,7.0,2.0,3.0,0,0,0,1
697,1.5,3,7.0,1.0,3.0,0,0,0,1
698,1.5,3,7.0,2.0,3.0,0,0,0,1
699,1.5,3,7.0,1.0,1.0,0,0,0,1
700,1.5,3,7.0,2.0,1.0,0,0,0,1
701,1.5,3,5.0,3.0,4.0,0,0,0,1
702,2.0,4,7.0,1.0,3.0,0,0,0,1
703,2.0,4,5.0,2.0,3.0,0,0,0,1
704,2.0,4,7.0,1.0,3.0,0,0,0,1
705,2.0,4,5.0,2.0,3.0,0,0,0,1
706,2.0,4,6.0,3.0,4.0,0,0,0,1
707,2.0,4,6.0,1.0,1.0,0,0,0,1
708,2.0,4,6.0,2.0,1.0,0,0,0,1
709,2.0,4,5.0,3.0,4.0,0,0,0,1
710,2.0,4,6.0,3.0,3.0,0,0,0,1
711,2.0,4,5.0,2.0,3.0,0,0,0,1
712,2.0,4,5.0,3.0,4.0,0,0,0,1
713,2.0,4,6.0,3.0,1.0,0,0,0,1
714,2.0,4,5.0,3.0,4.0,0,0,0,1
715,1.5,4,5.0,0.0,6.0,0,0,1,0
716,1.2,3,8.0,0.0,2.0,0,0,1,0
717,1.2,3,8.0,2.0,2.0,0,0,1,0
718,2.5,4,6.0,0.0,6.0,0,0,1,0
719,2.0,4,6.0,0.0,6.0,0,0,1,0
720,2.0,4,5.0,0.0,6.0,0,0,1,0
721,2.4,4,5.0,0.0,6.0,0,0,1,0
722,2.5,4,6.0,0.0,4.0,0,0,1,0
723,2.5,4,6.0,0.0,4.0,0,0,1,0
724,5.6,8,2.0,3.0,7.0,0,0,0,1
725,3.8,6,4.0,3.0,13.0,0,0,1,0
726,3.8,6,4.0,3.0,13.0,0,0,1,0
727,1.6,4,7.0,0.0,4.0,0,0,1,0
728,3.5,6,5.0,0.0,4.0,0,0,0,1
729,3.5,6,5.0,0.0,10.0,0,0,1,0
730,3.5,6,5.0,3.0,6.0,0,0,1,0
731,2.0,4,6.0,0.0,9.0,0,0,1,0
732,2.0,4,5.0,2.0,9.0,0,0,1,0
733,2.0,4,6.0,0.0,9.0,0,0,1,0
734,1.5,3,7.0,0.0,6.0,0,0,1,0
735,2.5,4,6.0,0.0,6.0,0,0,1,0
736,1.5,3,7.0,0.0,6.0,0,0,1,0
737,1.5,3,6.0,0.0,6.0,0,0,1,0
738,2.5,4,6.0,0.0,6.0,0,0,1,0
739,2.0,4,7.0,0.0,4.0,0,0,1,0
740,2.0,4,7.0,0.0,4.0,0,0,1,0
741,2.0,4,6.0,2.0,4.0,0,0,1,0
742,2.0,4,6.0,2.0,4.0,0,0,1,0
743,1.6,4,7.0,0.0,2.0,0,0,1,0
744,1.6,4,7.0,2.0,2.0,0,0,1,0
745,2.0,4,5.0,1.0,0.0,0,0,0,1
746,2.0,4,5.0,2.0,0.0,0,0,0,1
747,2.0,4,5.0,1.0,0.0,0,0,0,1
748,2.0,4,5.0,2.0,0.0,0,0,0,1
749,2.5,4,5.0,1.0,0.0,0,0,0,1
750,2.5,4,4.0,2.0,0.0,0,0,0,1
751,4.0,6,4.0,1.0,0.0,0,0,0,1
752,4.0,6,4.0,2.0,0.0,0,0,0,1
753,2.0,4,5.0,1.0,0.0,0,0,0,1
754,2.0,4,5.0,2.0,0.0,0,0,0,1
755,2.0,4,5.0,1.0,0.0,0,0,0,1
756,2.0,4,5.0,2.0,0.0,0,0,0,1
757,2.5,4,5.0,1.0,0.0,0,0,0,1
758,2.5,4,4.0,2.0,0.0,0,0,0,1
759,4.0,6,4.0,1.0,0.0,0,0,0,1
760,4.0,6,4.0,2.0,0.0,0,0,0,1
761,4.0,6,4.0,1.0,0.0,0,0,0,1
762,4.0,6,4.0,2.0,0.0,0,0,0,1
763,4.0,6,4.0,1.0,0.0,0,0,0,1
764,4.0,6,4.0,2.0,0.0,0,0,0,1
765,3.0,6,4.0,1.0,1.0,0,0,0,1
766,3.0,6,4.0,1.0,1.0,0,0,0,1
767,3.0,6,4.0,1.0,1.0,0,0,0,1
768,3.0,6,4.0,1.0,1.0,0,0,0,1
769,3.0,6,4.0,1.0,1.0,0,0,0,1
770,3.0,6,4.0,2.0,1.0,0,0,0,1
771,3.0,6,4.0,1.0,1.0,0,0,0,1
772,3.0,6,4.0,2.0,1.0,0,0,0,1
773,3.0,6,4.0,1.0,1.0,0,0,0,1
774,3.0,6,4.0,2.0,1.0,0,0,0,1
775,3.0,6,4.0,1.0,1.0,0,0,0,1
776,3.0,6,4.0,2.0,1.0,0,0,0,1
777,3.0,6,4.0,1.0,1.0,0,0,0,1
778,3.0,6,4.0,2.0,1.0,0,0,0,1
779,3.0,6,4.0,1.0,1.0,0,0,0,1
780,3.0,6,4.0,2.0,1.0,0,0,0,1
781,3.0,6,4.0,1.0,1.0,0,0,0,1
782,3.0,6,4.0,2.0,1.0,0,0,0,1
783,3.0,6,4.0,1.0,1.0,0,0,0,1
784,3.0,6,4.0,2.0,1.0,0,0,0,1
785,4.0,6,3.0,1.0,1.0,0,0,0,1
786,4.0,6,3.0,2.0,1.0,0,0,0,1
787,4.0,6,3.0,1.0,1.0,0,0,0,1
788,4.0,6,3.0,2.0,1.0,0,0,0,1
789,3.0,6,4.0,1.0,1.0,0,0,0,1
790,3.0,6,4.0,1.0,1.0,0,0,0,1
791,3.0,6,4.0,2.0,1.0,0,0,0,1
792,3.0,6,4.0,1.0,1.0,0,0,0,1
793,3.0,6,4.0,2.0,1.0,0,0,0,1
794,3.7,6,3.0,1.0,1.0,0,0,0,1
795,3.7,6,3.0,1.0,1.0,0,0,0,1
796,3.7,6,3.0,1.0,1.0,0,0,0,1
797,3.7,6,3.0,1.0,1.0,0,0,0,1
798,3.0,6,4.0,3.0,7.0,0,0,0,1
799,3.0,6,4.0,3.0,7.0,0,0,0,1
800,2.9,6,4.0,3.0,7.0,0,0,0,1
801,2.9,6,3.0,3.0,7.0,0,0,0,1
802,4.0,8,3.0,3.0,7.0,0,0,0,1
803,4.0,8,3.0,3.0,7.0,0,0,0,1
804,4.0,8,3.0,3.0,7.0,0,0,0,1
805,4.0,8,3.0,3.0,7.0,0,0,0,1
806,4.0,8,3.0,3.0,7.0,0,0,0,1
807,2.0,4,4.0,1.0,6.0,0,0,0,1
808,2.9,6,4.0,1.0,6.0,0,0,0,1
809,2.9,6,4.0,1.0,6.0,0,0,0,1
810,2.9,6,4.0,1.0,5.0,0,0,0,1
811,2.9,6,4.0,1.0,5.0,0,0,0,1
812,2.9,6,4.0,1.0,5.0,0,0,0,1
813,2.9,6,4.0,1.0,5.0,0,0,0,1
814,2.9,6,4.0,1.0,5.0,0,0,0,1
815,2.9,6,4.0,1.0,5.0,0,0,0,1
816,2.9,6,4.0,1.0,5.0,0,0,0,1
817,4.0,8,3.0,1.0,5.0,0,0,0,1
818,4.0,8,3.0,1.0,5.0,0,0,0,1
819,4.0,8,3.0,1.0,5.0,0,0,0,1
820,4.0,8,3.0,1.0,5.0,0,0,0,1
821,4.0,8,3.0,1.0,5.0,0,0,0,1
822,3.0,6,5.0,4.0,13.0,1,0,0,0
823,3.0,6,5.0,4.0,13.0,1,0,0,0
824,3.6,6,5.0,4.0,13.0,0,0,1,0
825,3.6,6,5.0,4.0,13.0,0,0,1,0
826,5.7,8,3.0,4.0,13.0,0,0,1,0
827,5.7,8,4.0,4.0,13.0,0,0,1,0
828,3.0,6,4.0,4.0,13.0,1,0,0,0
829,3.6,6,4.0,4.0,13.0,0,0,1,0
830,5.7,8,3.0,4.0,13.0,0,0,1,0
831,5.7,8,4.0,4.0,13.0,0,0,1,0
832,6.2,8,1.0,4.0,13.0,0,0,0,1
833,3.6,6,4.0,4.0,13.0,0,0,1,0
834,5.7,8,3.0,4.0,13.0,0,0,1,0
835,3.6,6,4.0,4.0,13.0,0,0,1,0
836,5.7,8,3.0,4.0,13.0,0,0,1,0
837,2.4,4,5.0,4.0,12.0,0,0,1,0
838,6.7,12,2.0,3.0,10.0,0,0,0,1
839,6.7,12,2.0,3.0,10.0,0,0,0,1
840,6.7,12,2.0,3.0,5.0,0,0,0,1
841,6.7,12,2.0,3.0,5.0,0,0,0,1
842,6.7,12,2.0,3.0,5.0,0,0,0,1
843,6.7,12,2.0,3.0,5.0,0,0,0,1
844,6.7,12,2.0,3.0,5.0,0,0,0,1
845,2.4,4,5.0,0.0,7.0,0,0,1,0
846,2.4,4,5.0,3.0,1.0,0,0,0,1
847,2.4,4,5.0,2.0,1.0,0,0,0,1
848,2.0,4,6.0,0.0,6.0,0,0,1,0
849,2.0,4,5.0,2.0,6.0,0,0,1,0
850,2.5,4,6.0,0.0,6.0,0,0,1,0
851,2.5,4,6.0,0.0,6.0,0,0,1,0
852,2.5,4,5.0,0.0,6.0,0,0,1,0
853,2.0,4,7.0,0.0,4.0,0,0,1,0
854,2.0,4,5.0,2.0,4.0,0,0,1,0
855,2.0,4,7.0,0.0,9.0,0,0,1,0
856,2.0,4,5.0,2.0,9.0,0,0,1,0
857,2.4,4,6.0,0.0,5.0,0,0,1,0
858,2.5,4,6.0,0.0,5.0,0,0,1,0
859,2.4,4,5.0,0.0,6.0,0,0,1,0
860,2.5,4,6.0,0.0,6.0,0,0,1,0
861,2.4,4,5.0,0.0,6.0,0,0,1,0
862,2.4,4,4.0,0.0,4.0,0,0,0,1
863,2.4,4,5.0,2.0,4.0,0,0,0,1
864,4.0,6,3.0,3.0,7.0,0,0,1,0
865,4.0,6,3.0,3.0,7.0,0,0,1,0
866,2.0,4,6.0,3.0,2.0,0,0,1,0
867,2.5,4,7.0,3.0,4.0,0,0,1,0
868,2.5,4,7.0,3.0,4.0,0,0,1,0
869,3.5,6,5.0,3.0,4.0,0,0,1,0
870,3.5,6,5.0,3.0,4.0,0,0,1,0
871,2.5,4,6.0,3.0,4.0,0,0,1,0
872,2.5,4,6.0,3.0,4.0,0,0,1,0
873,2.5,4,9.0,0.0,4.0,0,0,1,0
874,2.5,4,9.0,0.0,4.0,0,0,1,0
875,1.8,4,7.0,0.0,2.0,0,0,1,0
876,1.8,4,7.0,0.0,2.0,0,0,1,0
877,1.8,4,7.0,2.0,2.0,0,0,1,0
878,2.0,4,7.0,0.0,2.0,0,0,1,0
879,2.0,4,7.0,0.0,2.0,0,0,1,0
880,2.0,4,7.0,2.0,2.0,0,0,1,0
881,2.0,4,7.0,0.0,2.0,0,0,1,0
882,2.0,4,7.0,0.0,2.0,0,0,1,0
883,2.0,4,7.0,2.0,2.0,0,0,1,0
884,1.8,4,9.0,0.0,2.0,0,0,1,0
885,2.0,4,7.0,0.0,6.0,0,0,1,0
886,2.0,4,6.0,0.0,6.0,0,0,1,0
887,2.4,4,5.0,3.0,1.0,0,0,0,1
888,2.4,4,5.0,2.0,1.0,0,0,0,1
889,2.0,4,6.0,3.0,0.0,0,0,0,1
890,3.0,6,5.0,3.0,0.0,0,0,0,1
891,3.5,6,5.0,3.0,6.0,0,0,1,0
892,2.5,4,7.0,0.0,7.0,0,0,1,0
893,2.5,4,7.0,0.0,7.0,0,0,1,0
894,1.8,4,9.0,0.0,4.0,0,0,1,0
895,1.8,4,9.0,0.0,4.0,0,0,1,0
896,2.5,4,6.0,3.0,6.0,0,0,1,0
897,2.5,4,7.0,3.0,6.0,0,0,1,0
898,2.5,4,6.0,3.0,6.0,0,0,1,0
899,2.5,4,6.0,3.0,6.0,0,0,1,0
900,2.5,4,6.0,3.0,6.0,0,0,1,0
901,2.5,4,6.0,3.0,6.0,0,0,1,0
902,2.5,4,8.0,0.0,6.0,0,0,1,0
903,5.7,8,2.0,3.0,7.0,0,0,1,0
904,2.5,4,7.0,0.0,8.0,0,0,1,0
905,2.5,4,7.0,0.0,8.0,0,0,1,0
906,3.5,6,4.0,3.0,11.0,0,0,1,0
907,3.5,6,3.0,2.0,11.0,0,0,1,0
908,3.5,6,3.0,2.0,11.0,0,0,1,0
909,3.4,6,4.0,3.0,13.0,0,0,1,0
910,3.4,6,4.0,3.0,13.0,0,0,1,0
911,3.4,6,4.0,3.0,13.0,0,0,1,0
912,3.4,6,4.0,3.0,13.0,0,0,1,0
913,3.4,6,4.0,3.0,13.0,0,0,1,0
914,2.5,4,8.0,0.0,6.0,0,0,1,0
915,2.0,4,5.0,3.0,6.0,0,0,1,0
916,3.6,6,4.0,3.0,6.0,0,0,1,0
917,2.0,4,5.0,3.0,6.0,0,0,1,0
918,3.6,6,4.0,3.0,6.0,0,0,1,0
919,2.0,4,6.0,1.0,4.0,0,0,1,0
920,2.0,4,6.0,2.0,4.0,0,0,1,0
921,2.0,4,5.0,1.0,4.0,0,0,0,1
922,2.0,4,5.0,2.0,4.0,0,0,0,1
923,1.5,4,7.0,3.0,2.0,0,0,1,0
924,1.5,4,7.0,3.0,2.0,0,0,1,0
925,1.5,4,7.0,2.0,2.0,0,0,1,0
926,2.0,4,6.0,1.0,2.0,0,0,1,0
927,2.0,4,6.0,2.0,2.0,0,0,1,0
928,2.0,4,6.0,3.0,4.0,0,0,1,0
929,1.5,4,7.0,4.0,6.0,0,0,1,0
930,1.5,4,6.0,4.0,6.0,0,0,1,0
931,2.0,4,5.0,3.0,6.0,0,0,1,0
932,2.0,4,5.0,3.0,6.0,0,0,1,0
933,2.0,4,6.0,3.0,2.0,0,0,0,1
934,2.0,4,6.0,3.0,2.0,0,0,0,1
935,2.0,4,5.0,3.0,4.0,0,0,0,1
936,2.0,4,5.0,3.0,9.0,0,0,0,1
937,2.0,4,5.0,3.0,9.0,0,0,0,1
938,2.0,4,5.0,3.0,10.0,0,0,0,1
939,2.0,4,5.0,3.0,6.0,0,0,1,0
940,2.0,4,5.0,3.0,6.0,0,0,0,1
941,2.0,4,5.0,3.0,6.0,0,0,0,1
942,2.0,4,5.0,3.0,6.0,0,0,0,1
943,2.0,4,5.0,3.0,7.0,0,0,0,1
944,2.0,4,5.0,3.0,7.0,0,0,0,1
