,Open,High,Low,Close,Volume
2024-03-31 10:28:03.367232,5005.57133471246,5041.0910230812815,5010.201915233862,5024.835707650562,186346
2024-04-01 10:28:03.367232,5011.931130659274,5033.277034836171,4984.59574559968,4995.359178396853,429231
2024-04-02 10:28:03.367232,5021.638744960747,5050.419693581706,5007.554030056547,5036.928701645142,134397
2024-04-03 10:28:03.367232,5086.02728367652,5117.490115910686,5053.859555132308,5082.96662465595,420815
2024-04-04 10:28:03.367232,4988.338993118849,5018.795483095659,4977.158659293922,4997.376784291361,216214
2024-04-05 10:28:03.367232,5001.811999311377,5035.984108824097,4987.4935225453155,4999.644879210745,429041
2024-04-06 10:28:03.367232,5098.633899587463,5128.6187847566125,5070.288217206532,5092.577084053389,257221
2024-04-07 10:28:03.367232,5067.439500403365,5088.427590258605,5034.913303403175,5054.249828255077,498499
2024-04-08 10:28:03.367232,4982.9192952120975,5028.363357430885,4964.348825149623,4994.662444341673,377068
2024-04-09 10:28:03.367232,5027.95798621136,5066.658527237962,5019.3447755814395,5047.518153065021,213143
2024-04-10 10:28:03.367232,4984.944087399879,5011.896240688664,4978.530850351201,4999.468662197127,472397
2024-04-11 10:28:03.367232,5017.598104152561,5023.6867638415915,4985.060581850988,5001.597358478637,462441
2024-04-12 10:28:03.367232,5054.1762617017575,5054.426394048853,4999.579579614589,5039.220658599257,363013
2024-04-13 10:28:03.367232,4937.58765312422,4964.539661704482,4910.071080401525,4933.691129037408,459232
2024-04-14 10:28:03.367232,4949.355917351297,4965.718234730084,4914.687015860543,4945.33524293395,363158
2024-04-15 10:28:03.367232,5012.287117025069,5044.953956069016,4991.469061015868,5005.685650043219,110103
2024-04-16 10:28:03.367232,4972.384615961968,5014.59892713739,4960.802073827248,4985.36976481703,472461
2024-04-17 10:28:03.367232,5070.503367995793,5088.6013070678255,5043.1007885627105,5053.926890158795,182409
2024-04-18 10:28:03.367232,4991.758760199011,5008.983679385583,4969.844285666014,4995.007939203328,123248
2024-04-19 10:28:03.367232,4967.305046186704,5007.8399395249035,4933.058982843193,4971.9795050567245,274588
2024-04-20 10:28:03.367232,5118.809825253095,5155.735832757184,5096.526915652207,5118.053117041782,255242
2024-04-21 10:28:03.367232,5017.52644851729,5060.259667410855,5024.477929469041,5035.647809846288,108024
2024-04-22 10:28:03.367232,5039.119793391334,5080.65604677362,5041.53978491351,5052.46845864109,334864
2024-04-23 10:28:03.367232,4989.520407135473,5012.943356505508,4958.359459680011,4979.999062478418,448091
2024-04-24 10:28:03.367232,5009.4622313622285,5041.395443463036,5011.349536551327,5026.150284645223,274875
2024-04-25 10:28:03.367232,5065.162638781116,5086.113536696364,5050.335991512614,5061.03655440246,453973
2024-04-26 10:28:03.367232,4989.863302254066,5022.0092286999825,4967.362929448308,5000.049337866813,454852
2024-04-27 10:28:03.367232,5074.051458313823,5092.870853517012,5054.723943485687,5078.479633752144,448808
2024-04-28 10:28:03.367232,5023.292928508974,5052.771211706891,5013.0678358789655,5031.745179038146,243927
2024-04-29 10:28:03.367232,5043.487924293273,5061.3061849162395,5012.25852014418,5049.261015634675,185178
2024-04-30 10:28:03.367232,5044.576555588079,5046.589076589194,5022.330550574693,5035.814719380709,463265
2024-05-01 10:28:03.367232,5152.438484606551,5174.60860465627,5121.876051112965,5160.553615981625,382169
2024-05-02 10:28:03.367232,5071.945554774829,5108.182822510628,5049.870367641633,5069.289369162953,497674
2024-05-03 10:28:03.367232,5018.129652043462,5045.573522032349,4982.435525786237,5019.087635955498,163610
2024-05-04 10:28:03.367232,5121.640221093148,5154.068039313239,5087.005088184259,5115.0933744786425,170843
2024-05-05 10:28:03.367232,5032.373647747643,5037.875394524557,4980.099237382408,5014.900458174653,207237
2024-05-06 10:28:03.367232,5097.648357187204,5107.699957291352,5048.82507840248,5088.345473298794,280903
2024-05-07 10:28:03.367232,4970.458777204657,5007.045417946234,4963.208998926464,4981.861162061026,274499
2024-05-08 10:28:03.367232,4996.607373639537,5038.545398896073,4976.525983674858,5015.360048237086,230299
2024-05-09 10:28:03.367232,5084.009555541407,5106.688934297266,5071.834536922342,5093.518993769414,105668
2024-05-10 10:28:03.367232,5126.290454889552,5151.712127102249,5100.921980519434,5122.487337661542,322542
2024-05-11 10:28:03.367232,5078.0586293615925,5112.48274229751,5075.789983694587,5096.001596822222,278267
2024-05-12 10:28:03.367232,5083.355297687344,5112.088286446229,5057.258419578867,5083.500647799295,435377
2024-05-13 10:28:03.367232,5079.931788680032,5105.564107495301,5061.433723428002,5076.058074723356,255489
2024-05-14 10:28:03.367232,5012.3670508505575,5033.5580408117385,4992.385950657138,5018.997295217879,444126
2024-05-15 10:28:03.367232,5069.557370531505,5070.561371194992,5032.469738009372,5058.720882381672,206133
2024-05-16 10:28:03.367232,5057.713976530667,5106.872893987369,5040.59299202717,5073.450046405316,372895
2024-05-17 10:28:03.367232,5134.091331209501,5174.879832653148,5116.0763210819405,5151.085819940068,408362
2024-05-18 10:28:03.367232,5126.2643722825005,5128.881735899521,5093.923581524984,5117.136822034357,488793
2024-05-19 10:28:03.367232,5013.327876736684,5053.3542136035285,4994.438226607891,5013.508224088436,369496
2024-05-20 10:28:03.367232,5127.082632480439,5131.279953453221,5101.766489703818,5119.54653662333,310124
2024-05-21 10:28:03.367232,5083.140869194622,5116.598832516229,5069.909060549326,5085.747775650472,188835
2024-05-22 10:28:03.367232,5062.648537650047,5112.302824078385,5061.063028854512,5072.792456320482,197493
2024-05-23 10:28:03.367232,5151.599922022087,5156.011232441598,5118.562389950078,5138.83582931512,391071
2024-05-24 10:28:03.367232,5173.368560188691,5175.659406090547,5143.284494266008,5161.391925029931,272166
2024-05-25 10:28:03.367232,5165.759913833852,5171.613603182347,5118.979533423682,5157.972054999675,201948
2024-05-26 10:28:03.367232,5061.874942311134,5090.087391248963,5044.257872034434,5070.989136821935,285194
2024-05-27 10:28:03.367232,5102.616153470453,5112.038301126009,5078.588615624774,5099.00692679569,129493
2024-05-28 10:28:03.367232,5126.96248643211,5163.288370805333,5105.109502524699,5132.523530554509,393851
2024-05-29 10:28:03.367232,5149.868711930352,5178.074182941188,5152.029527956915,5166.205428997287,299886
2024-05-30 10:28:03.367232,5111.604544583149,5120.194665409153,5071.590689088593,5094.912001564659,238368
2024-05-31 10:28:03.367232,5096.477512242768,5150.905672621599,5082.217737363378,5111.004767006009,256470
2024-06-01 10:28:03.367232,5084.371667236503,5100.781281168851,5041.695238129897,5066.36217308367,397986
2024-06-02 10:28:03.367232,5061.073980666519,5091.69033289513,5041.18038572857,5063.2337497482,113261
2024-06-03 10:28:03.367232,5152.414559017651,5184.196850487704,5125.193790197115,5165.009241864106,176709
2024-06-04 10:28:03.367232,5195.183335696036,5222.2241728896515,5157.0978549364345,5193.507297800902,195985
2024-06-05 10:28:03.367232,5138.298218285332,5149.191628767625,5094.678206105493,5123.380384850276,468760
2024-06-06 10:28:03.367232,5187.705155808019,5201.198661868348,5151.334839516168,5178.416160351637,429317
2024-06-07 10:28:03.367232,5159.815206178016,5161.474071565764,5118.93294586882,5147.5527602635575,393925
2024-06-08 10:28:03.367232,5104.770365661893,5135.0171574506785,5082.379667758792,5098.419030993465,375796
2024-06-09 10:28:03.367232,5157.612342719512,5173.4148196034375,5128.067147840868,5149.921280138798,367247
2024-06-10 10:28:03.367232,5223.869870279322,5225.740719571332,5198.718258229982,5209.902044216709,387644
2024-06-11 10:28:03.367232,5122.316406925951,5153.3624670979025,5108.063305446979,5132.329686571584,346404
2024-06-12 10:28:03.367232,5213.02282911703,5235.869723147172,5187.155093052575,5213.445830571304,200336
2024-06-13 10:28:03.367232,4994.139154491969,5040.116913686191,4988.458284736088,5005.290776819184,213499
2024-06-14 10:28:03.367232,5197.915833566098,5210.417544663073,5139.488247831267,5178.409113246232,249524
2024-06-15 10:28:03.367232,5160.436098009588,5175.752871231363,5105.390086094006,5142.673724422123,411537
2024-06-16 10:28:03.367232,5105.926749611612,5134.680615089731,5092.685380093194,5124.349677156872,266508
2024-06-17 10:28:03.367232,5153.06092700353,5167.322540048296,5118.836321239942,5144.837920102903,409550
2024-06-18 10:28:03.367232,5058.802248571995,5066.232640424428,5005.693241085938,5041.792315875368,425203
2024-06-19 10:28:03.367232,5118.301994492472,5141.6547489920695,5117.159410372674,5131.078980687378,247026
2024-06-20 10:28:03.367232,5163.498657543358,5178.575244583604,5127.065554493007,5160.780848321253,444866
2024-06-21 10:28:03.367232,5234.272836460336,5250.461999250479,5203.90868013781,5217.653304556815,350819
2024-06-22 10:28:03.367232,5100.006966441111,5132.762418469549,5084.822807421197,5118.649127297679,112356
2024-06-23 10:28:03.367232,5112.809382095559,5130.971875349263,5086.639544358145,5104.912571405685,228128
2024-06-24 10:28:03.367232,5112.888483324651,5137.450579190266,5084.6818055992035,5120.994523029749,102187
2024-06-25 10:28:03.367232,5209.543904522124,5202.931679946379,5154.2467938923,5192.568056707062,439387
2024-06-26 10:28:03.367232,5182.763814093357,5181.157528014728,5149.457605204589,5163.921484286742,397242
2024-06-27 10:28:03.367232,5139.422917739521,5160.928470822285,5097.771990023021,5121.652258174983,252297
2024-06-28 10:28:03.367232,5173.398877838229,5208.47642252842,5135.00068782705,5174.43030917193,234678
2024-06-29 10:28:03.367232,5168.699496601207,5193.005089891266,5129.71556748244,5154.2177905616345,419764
2024-06-30 10:28:03.367232,5212.145406219988,5222.999051596376,5162.4570046031495,5198.363430278586,226270
2024-07-01 10:28:03.367232,5108.130099207212,5128.658166237808,5087.704134613543,5115.366080277482,376531
2024-07-02 10:28:03.367232,5147.750090699459,5161.032256402643,5113.333574495844,5134.593471733432,431607
2024-07-03 10:28:03.367232,5113.329622898654,5155.480637546832,5113.275810844258,5131.849317510034,342998
2024-07-04 10:28:03.367232,5082.578241977087,5114.058159319993,5062.630754105222,5078.727446837805,495807
2024-07-05 10:28:03.367232,5156.328383422552,5180.070507354571,5134.274084189713,5167.128029931044,341503
2024-07-06 10:28:03.367232,5150.586668297358,5190.411226976921,5144.167777661577,5165.7639928662675,453827
2024-07-07 10:28:03.367232,5136.404682068269,5167.82801394392,5127.988290137078,5153.326554003101,162061
2024-07-08 10:28:03.367232,5149.523222357173,5161.411949128749,5116.901906922012,5141.671671322048,335497
2024-07-09 10:28:03.367232,5076.528196103838,5115.0539098747495,5055.614826676122,5082.933197553116,181257
2024-07-10 10:28:03.367232,5141.931479574934,5157.221352594846,5096.973494345047,5132.940808713784,161753
2024-07-11 10:28:03.367232,5119.693658798055,5158.356053720471,5097.657224858595,5137.079405166098,446918
2024-07-12 10:28:03.367232,5106.925744242644,5136.148419086521,5092.086604472205,5114.31413072942,123408
2024-07-13 10:28:03.367232,5148.127130345912,5170.330881703078,5111.72191098771,5146.5474786508985,224116
2024-07-14 10:28:03.367232,5186.598018990368,5208.519588711921,5142.033258557168,5174.969092396809,231208
2024-07-15 10:28:03.367232,5241.951862378891,5285.964302929815,5221.995893717941,5249.201762261608,117413
2024-07-16 10:28:03.367232,5168.754188490795,5202.378574028432,5125.037119124956,5163.718533433314,213650
2024-07-17 10:28:03.367232,5183.374839956394,5201.542831614605,5151.921494561095,5167.935730026947,159500
2024-07-18 10:28:03.367232,5156.01054470053,5170.838224045678,5138.0980908639485,5151.376017173237,446658
2024-07-19 10:28:03.367232,5048.489919550357,5089.815581742808,5023.552681551549,5059.171540560212,156358
2024-07-20 10:28:03.367232,5134.7440726058,5176.896135065201,5130.593546844527,5153.768041343539,166197
2024-07-21 10:28:03.367232,5172.864847687197,5175.701011392541,5122.651827104948,5158.06089273116,323861
2024-07-22 10:28:03.367232,5258.990100953642,5313.365471902403,5241.346618363764,5278.139324519626,323492
2024-07-23 10:28:03.367232,5160.247448247409,5156.412171808911,5133.385653531469,5145.259381340041,361545
2024-07-24 10:28:03.367232,5170.985059451064,5206.8804338540385,5133.323631200395,5169.827574089976,176240
2024-07-25 10:28:03.367232,5170.422871372587,5176.704487370813,5129.4105917709885,5152.860163432071,335595
2024-07-26 10:28:03.367232,5107.931700892271,5125.096415765573,5070.6673967911975,5095.9803714613245,321135
2024-07-27 10:28:03.367232,5231.2644933560105,5241.1277466008505,5182.549353601881,5211.347128934677,378466
2024-07-28 10:28:03.367232,5185.59624569551,5228.421305298639,5153.77629487554,5191.567773077442,475197
2024-07-29 10:28:03.367232,5203.94903477846,5222.361593686232,5182.688020388322,5193.261503221215,106968
2024-07-30 10:28:03.367232,5104.030445944824,5136.3712169432565,5083.64790535092,5107.953209400454,389662
2024-07-31 10:28:03.367232,5222.444139026483,5235.248675431147,5192.617452941409,5223.249114214326,414069
2024-08-01 10:28:03.367232,5087.778276935046,5108.230299064667,5050.996849675364,5082.678058406311,290920
2024-08-02 10:28:03.367232,5196.696423735481,5196.254409192539,5150.973366221915,5181.749339168028,474044
2024-08-03 10:28:03.367232,5280.903408754261,5293.663083047934,5247.507016104046,5261.540069986289,455566
2024-08-04 10:28:03.367232,5112.807423178093,5127.443144247893,5083.094618972362,5102.076486623512,363844
2024-08-05 10:28:03.367232,5119.5605978841195,5153.256759973677,5102.088460834915,5122.849926597426,455926
2024-08-06 10:28:03.367232,5152.538960961588,5166.934867888576,5121.55156464012,5155.684680870505,332076
2024-08-07 10:28:03.367232,5134.545011375078,5137.585479792896,5106.678923139085,5125.041719311522,123199
2024-08-08 10:28:03.367232,5061.72320318477,5103.661818995918,5055.8509684380215,5072.172117354037,263187
2024-08-09 10:28:03.367232,5137.018901191004,5164.762466745709,5113.8764960946055,5152.599936665749,285388
2024-08-10 10:28:03.367232,5089.685021249897,5107.637836777223,5085.234236390861,5095.5001349442655,105520
2024-08-11 10:28:03.367232,5163.205396603665,5182.079091194548,5131.781211267042,5171.715836937501,209814
2024-08-12 10:28:03.367232,5093.315920467061,5140.158637597805,5071.158956683099,5101.463595648821,267527
2024-08-13 10:28:03.367232,5213.652468524252,5256.433409266026,5189.454079498782,5224.308158482256,346356
2024-08-14 10:28:03.367232,5088.687519248895,5127.601333918503,5088.165209773055,5107.003791663441,223364
2024-08-15 10:28:03.367232,5110.112097770022,5148.293207819315,5118.967682050674,5129.397140380685,114955
2024-08-16 10:28:03.367232,5204.997835421827,5205.980036724762,5153.35285427554,5185.488939832386,275121
2024-08-17 10:28:03.367232,5079.6731213364355,5115.801801922436,5047.537858076981,5082.562195987001,244989
2024-08-18 10:28:03.367232,5150.123650651763,5184.591703097488,5122.53630080677,5154.750584765376,350144
2024-08-19 10:28:03.367232,5215.173015964203,5223.542991692504,5193.701616037455,5207.98712465648,164925
2024-08-20 10:28:03.367232,5050.218987492391,5076.712112037811,5028.88599431008,5061.488831977788,469360
2024-08-21 10:28:03.367232,5168.307139547934,5163.260561681327,5117.241008726695,5150.308692189925,170269
2024-08-22 10:28:03.367232,5164.720340487375,5183.075621501794,5123.510324440652,5153.266539910754,403602
2024-08-23 10:28:03.367232,5162.117182303953,5211.471922078115,5145.557264227596,5178.540742211463,451181
2024-08-24 10:28:03.367232,5073.464697543879,5094.712859362232,5041.38382332215,5076.761466512482,252185
2024-08-25 10:28:03.367232,5086.8929249557705,5082.356541484211,5043.320069226161,5071.728192653284,199977
2024-08-26 10:28:03.367232,5180.76243952109,5175.4383086537255,5150.315017210342,5162.973158629433,406083
2024-08-27 10:28:03.367232,5149.529890304627,5189.869630899983,5126.204995564616,5150.833829854632,129345
2024-08-28 10:28:03.367232,5152.138096854662,5166.464984610556,5135.2721612460855,5147.601641286234,355688
2024-08-29 10:28:03.367232,5138.157489111123,5184.552825702584,5129.249840336467,5151.47613126744,472251
2024-08-30 10:28:03.367232,5118.860708605829,5127.953870625978,5077.000768886581,5099.21396356035,484010
2024-08-31 10:28:03.367232,5133.141430127002,5165.332751261251,5131.894266747458,5143.8745620716645,361798
2024-09-01 10:28:03.367232,5163.65709444856,5162.118441349022,5125.483207464071,5145.947823483155,431310
2024-09-02 10:28:03.367232,5100.580913079436,5108.236639664523,5081.265104156002,5094.595047119741,278933
2024-09-03 10:28:03.367232,5226.915783873982,5251.056701119994,5188.3592557785505,5222.606312078828,197406
2024-09-04 10:28:03.367232,5152.508750501895,5185.240223480368,5113.570569282299,5152.001210061234,411442
2024-09-05 10:28:03.367232,5056.9506306677185,5097.040965805242,5055.55434394127,5067.723838199008,407086
2024-09-06 10:28:03.367232,5146.14520164255,5184.993144359804,5120.430624143579,5159.08408036233,103453
2024-09-07 10:28:03.367232,5065.2975593442325,5087.7366476843745,5050.800813001323,5076.478110981426,202811
2024-09-08 10:28:03.367232,5150.968630725631,5202.565763567693,5144.524129901244,5163.511100239861,154935
2024-09-09 10:28:03.367232,5192.204061114496,5214.982107921463,5168.714819913541,5181.020682171826,484583
2024-09-10 10:28:03.367232,5074.9856682212385,5099.765318955599,5055.961929812457,5080.9806578545695,274442
2024-09-11 10:28:03.367232,5151.411478022468,5208.4968808406975,5135.262304625209,5169.097770959932,370472
2024-09-12 10:28:03.367232,5159.2371126196895,5168.529455103147,5109.260413096056,5140.473007414057,115534
2024-09-13 10:28:03.367232,5175.184695279967,5187.305939627647,5148.326479537511,5159.8332598814295,447424
2024-09-14 10:28:03.367232,5229.568068389428,5244.900172444505,5200.270922000582,5212.457977061619,136320
2024-09-15 10:28:03.367232,5124.025589743275,5138.582370480122,5082.143078358439,5104.229276837418,149170
2024-09-16 10:28:03.367232,5064.640813481494,5107.379361732659,5058.826288691276,5077.6850035127145,200546
2024-09-17 10:28:03.367232,5065.6121723527785,5083.605363987658,5052.7909619049915,5069.762491596673,180201
2024-09-18 10:28:03.367232,5082.637411328527,5092.4558974801985,5053.877737333102,5072.307872300364,334473
2024-09-19 10:28:03.367232,5115.938573113613,5145.940257601243,5073.993266092554,5108.097748391461,370784
2024-09-20 10:28:03.367232,5114.015493433925,5144.598125535646,5089.982815571375,5127.859657180331,331324
2024-09-21 10:28:03.367232,5136.114430219575,5144.646115935076,5101.328024384124,5123.48110521995,261121
2024-09-22 10:28:03.367232,5138.8236460039125,5172.808329618772,5112.662693066472,5149.846023130446,498834
2024-09-23 10:28:03.367232,5096.926251527867,5131.155696625795,5088.3286758975255,5107.973546934962,333612
2024-09-24 10:28:03.367232,5180.312529740815,5207.221740299914,5154.540443234764,5178.833552825078,287125
2024-09-25 10:28:03.367232,5095.47231596471,5130.046993703383,5074.973848636562,5091.754718571042,495136
2024-09-26 10:28:03.367232,5243.028003255009,5257.045336296472,5210.610273676221,5239.824554941497,406081
2024-09-27 10:28:03.367232,5117.585810108608,5147.571377901725,5094.556903157453,5133.926336612698,300796
2024-09-28 10:28:03.367232,5073.709246369005,5074.534926559588,5030.506018982488,5058.610811863789,243279
2024-09-29 10:28:03.367232,5037.373146749688,5083.3568920524185,5026.014722522734,5046.74914504614,296846
2024-09-30 10:28:03.367232,5108.422939778635,5152.616667306979,5093.807819547607,5123.242342927323,264044
2024-10-01 10:28:03.367232,5102.32084244596,5105.348122928376,5073.08329889724,5086.770919251201,302160
2024-10-02 10:28:03.367232,5150.696375710825,5166.948723950693,5095.810543373673,5132.470315781635,170463
2024-10-03 10:28:03.367232,5133.744917567619,5155.100912767904,5094.167294353606,5119.259812877001,193500
2024-10-04 10:28:03.367232,5103.166688973709,5126.181476145422,5067.305553723524,5090.786045984713,307772
2024-10-05 10:28:03.367232,5057.129475122731,5088.487591906357,5023.3438522435645,5050.91979589717,137158
2024-10-06 10:28:03.367232,5018.386345881252,5033.919281662088,4987.6085351732045,5016.352051056887,184607
2024-10-07 10:28:03.367232,5052.0865151025255,5101.258302568458,5056.453770519274,5068.607044706069,481783
2024-10-08 10:28:03.367232,5128.933198289425,5156.411254684821,5102.116553129895,5132.595069766597,345017
2024-10-09 10:28:03.367232,5094.23416042033,5134.58657632654,5082.068669330372,5099.326619739838,433840
2024-10-10 10:28:03.367232,5015.576917865451,5057.041486829886,4993.76818753984,5025.186766515038,423654
2024-10-11 10:28:03.367232,5103.926803858068,5128.283422705516,5060.313955478999,5094.989999310525,220076
2024-10-12 10:28:03.367232,5104.2950762138125,5134.144901941094,5070.341291584086,5104.460046810662,158692
2024-10-13 10:28:03.367232,5023.112857508505,5055.19387195629,5013.295979849962,5039.871008872199,230841
2024-10-14 10:28:03.367232,5079.434143855341,5116.977623344256,5065.021719008026,5090.626815777348,292816
2024-10-15 10:28:03.367232,5092.065500501262,5124.275242140614,5070.448871114696,5084.735149954879,377954
2024-10-16 10:28:03.367232,5006.613555422047,5061.689963037348,4990.307936530341,5023.568321042435,498342
2024-10-17 10:28:03.367232,5111.555062990115,5108.801998502075,5079.364505014763,5097.506786428165,261081
2024-10-18 10:28:03.367232,5106.372038574487,5121.510621965811,5081.66531480939,5106.566177493928,211718
2024-10-19 10:28:03.367232,5130.82194653323,5145.550346643801,5113.070260652339,5131.598483440164,453076
2024-10-20 10:28:03.367232,5132.761226965502,5160.84431287868,5115.0500646891305,5129.064915579122,100192
2024-10-21 10:28:03.367232,5019.4178778035175,5040.964199062219,4977.5439082597595,5006.430639166511,347536
2024-10-22 10:28:03.367232,5021.285399572557,5043.77837224579,5015.743070211783,5027.373031256469,136413
2024-10-23 10:28:03.367232,5106.09822448045,5124.153159166643,5066.518221354302,5098.977578378088,243888
2024-10-24 10:28:03.367232,5100.517750568509,5133.109562849013,5078.360868150844,5097.888472008677,139082
2024-10-25 10:28:03.367232,5087.618344798532,5128.921260334742,5086.933173201621,5096.937213991755,427192
2024-10-26 10:28:03.367232,5277.965019079245,5289.086935789795,5237.485945447922,5262.819819625039,223130
2024-10-27 10:28:03.367232,5109.636447752538,5125.449837602024,5086.333849632432,5097.73940688826,150940
2024-10-28 10:28:03.367232,5131.336550570323,5150.249293591474,5106.713390449359,5124.998477183986,263202
2024-10-29 10:28:03.367232,5128.9829965453255,5133.886180921121,5083.7504327578845,5114.959727381556,140142
2024-10-30 10:28:03.367232,5113.574992505045,5125.833884252424,5087.002535817996,5098.883224466653,136468
2024-10-31 10:28:03.367232,5057.9537642150535,5080.285804207955,5014.439090375772,5049.619245146452,241727
2024-11-01 10:28:03.367232,5115.896209453744,5138.615363795021,5092.301078639439,5102.415676319197,278969
2024-11-02 10:28:03.367232,5032.82521845133,5054.015100603937,5007.521643908502,5024.926359984559,491192
2024-11-03 10:28:03.367232,5058.049054500773,5083.677069741656,5018.616301945799,5050.843423630361,336187
2024-11-04 10:28:03.367232,5042.294118286063,5052.351812206093,5018.061558665577,5037.549663157456,142056
2024-11-05 10:28:03.367232,5075.170873516312,5088.9089321666,5052.005436292026,5065.062207934006,151831
2024-11-06 10:28:03.367232,5162.213883165754,5186.1496275488435,5155.062661390018,5175.869678954031,421335
2024-11-07 10:28:03.367232,4981.194570433551,4983.3601060012425,4947.847941474058,4965.959740065594,349664
2024-11-08 10:28:03.367232,5107.7144036487225,5124.634513992303,5057.559305474097,5092.840662538913,484092
2024-11-09 10:28:03.367232,4958.285207719742,5016.869614938841,4957.7148788708055,4977.11531639836,208117
2024-11-10 10:28:03.367232,5046.42984101652,5046.372513981546,4999.72919684065,5033.39717099393,376815
2024-11-11 10:28:03.367232,5095.858328615211,5132.748363392112,5073.947369571951,5110.703533916273,389192
2024-11-12 10:28:03.367232,5052.156966688002,5092.754341578611,5035.737689930341,5058.7522125176365,388107
2024-11-13 10:28:03.367232,5010.693854441883,5017.074593229086,4963.655229874586,5000.953524190219,143954
2024-11-14 10:28:03.367232,5004.829239291781,5045.051391928917,4997.079301830953,5018.398843449849,333192
2024-11-15 10:28:03.367232,5100.206941571384,5119.480399487511,5048.565908111918,5087.488260606621,457574
2024-11-16 10:28:03.367232,5029.641189215653,5044.835385605149,5003.677136361576,5016.355822097344,100717
2024-11-17 10:28:03.367232,5063.383360798248,5078.7253934862765,5032.474073452717,5063.084651447814,373820
2024-11-18 10:28:03.367232,5034.205449892314,5074.611552084213,5029.135593809933,5053.950015023641,497650
2024-11-19 10:28:03.367232,5010.005103244707,5052.037331452273,4996.894113754041,5018.523577917711,280882
2024-11-20 10:28:03.367232,5162.432851737275,5184.382570426205,5128.774418639787,5157.755775002245,218696
2024-11-21 10:28:03.367232,5100.980071962431,5091.889513247621,5050.616912092304,5081.732624841334,492974
2024-11-22 10:28:03.367232,4953.5536347250745,4981.110816445251,4938.150195554898,4948.2810936444075,104994
2024-11-23 10:28:03.367232,5048.778388416857,5069.445585822497,5043.377652511874,5058.38624517429,366378
2024-11-24 10:28:03.367232,5020.883802071766,5047.895587429718,4984.132192428751,5015.523573947781,169300
2024-11-25 10:28:03.367232,5092.407705092605,5106.882706708928,5060.8167274966245,5090.808289903971,406093
2024-11-26 10:28:03.367232,5019.352775952147,5046.901164549682,4969.177534992241,5008.158960146101,137405
2024-11-27 10:28:03.367232,5025.950704750938,5062.7097017369215,5008.8403454903355,5041.671479197859,397016
2024-11-28 10:28:03.367232,5082.747290790278,5092.11412318034,5033.782993458258,5072.306174690198,404359
2024-11-29 10:28:03.367232,5091.66921581044,5104.485194173369,5058.942337617351,5090.018552663395,123185
2024-11-30 10:28:03.367232,5004.935367622314,5005.583813932661,4967.47412120877,4986.415687467954,274514
2024-12-01 10:28:03.367232,5023.106032450557,5065.730668663856,5016.270198141484,5029.43114580901,403297
2024-12-02 10:28:03.367232,5027.465747004436,5062.050901407895,4988.70615537873,5022.160871279078,439679
2024-12-03 10:28:03.367232,5030.301194868265,5034.06935656307,4983.695594003587,5013.0200706478645,233653
2024-12-04 10:28:03.367232,5117.8647239365755,5157.2226537455845,5122.318754445149,5133.764334816949,151717
2024-12-05 10:28:03.367232,5083.06185440518,5097.234843061804,5044.771200938692,5065.572714915722,102763
2024-12-06 10:28:03.367232,4989.653996099992,5018.7244406219115,4943.434572743431,4982.13856720796,455054
2024-12-07 10:28:03.367232,5073.675814083794,5118.75366174519,5065.95029734828,5090.9623317195865,155480
2024-12-08 10:28:03.367232,5143.129586993576,5172.836815261037,5128.109170235111,5151.091044315703,269831
2024-12-09 10:28:03.367232,5104.875100383414,5118.926872063062,5072.817228682824,5096.548216837603,307139
2024-12-10 10:28:03.367232,4951.620098517125,4999.794618853279,4952.6595927382195,4968.926074458374,218094
2024-12-11 10:28:03.367232,5023.96737813125,5030.777107632328,4999.619344598255,5020.680559724199,256379
2024-12-12 10:28:03.367232,5102.099069105084,5136.851426950761,5087.169349147351,5108.263746826966,327443
2024-12-13 10:28:03.367232,5014.425653519757,5030.253823122299,4998.018382203434,5009.589032809058,111064
2024-12-14 10:28:03.367232,5049.076013192083,5101.072251777896,5034.2193029840455,5067.246331839583,176848
2024-12-15 10:28:03.367232,5098.7600657301655,5096.688312678764,5061.4034605269535,5083.89859348407,137548
2024-12-16 10:28:03.367232,5017.900262316675,5026.606771558031,4964.295306945087,4998.960703549579,268017
2024-12-17 10:28:03.367232,5061.255337126485,5066.929409611641,5006.98978288146,5042.500222915057,368620
2024-12-18 10:28:03.367232,4893.597500590784,4912.881193098224,4867.251605680107,4883.611427321067,452245
2024-12-19 10:28:03.367232,4979.886309600238,5006.6284678295015,4964.962255529908,4994.682859995012,102382
2024-12-20 10:28:03.367232,5043.861049651645,5060.930035437328,5009.362067689594,5033.530521814484,276348
2024-12-21 10:28:03.367232,4965.039260618145,5010.900321598579,4947.651081822149,4984.055783959793,179698
2024-12-22 10:28:03.367232,5109.265868393533,5155.200729164859,5111.90870595708,5128.380926332374,345762
2024-12-23 10:28:03.367232,4968.542592800663,5003.702814032576,4945.263788025381,4975.598184034682,343381
2024-12-24 10:28:03.367232,5025.023182287767,5055.771492788371,4997.244891003998,5025.47745467158,145095
2024-12-25 10:28:03.367232,5065.237016715514,5088.570389993625,5035.561675676047,5054.420720003202,492118
2024-12-26 10:28:03.367232,5127.712811838587,5138.475618378174,5106.282969664792,5120.380996774327,389341
2024-12-27 10:28:03.367232,4974.823637435969,5011.739011486301,4947.438336366581,4976.987529180899,489763
2024-12-28 10:28:03.367232,5098.376884027549,5132.379487844186,5075.273893632312,5107.431817376282,122010
2024-12-29 10:28:03.367232,5070.192961015854,5062.619729383576,5030.839160696645,5050.307981009546,450067
2024-12-30 10:28:03.367232,4998.3205585721225,5013.0298343600025,4971.928328362014,5001.273306482683,233962
2024-12-31 10:28:03.367232,5072.091516580799,5094.063185168495,5052.182108379267,5074.036035607613,492670
2025-01-01 10:28:03.367232,5048.040624230969,5095.042580696647,5030.099464884824,5061.495671383303,209162
2025-01-02 10:28:03.367232,5033.965732500176,5053.4037785924065,5006.196892303357,5022.173350550179,483071
2025-01-03 10:28:03.367232,5064.092751008288,5090.003910917201,5019.639011897944,5056.345461977029,370170
2025-01-04 10:28:03.367232,5023.121244842232,5059.80853202393,5015.6681724367145,5034.2904603306815,427069
2025-01-05 10:28:03.367232,5043.257605644076,5083.168333758106,5038.928784186757,5059.962363819442,168842
2025-01-06 10:28:03.367232,5095.372878708477,5102.576482426677,5076.410148063078,5088.152906625489,395809
2025-01-07 10:28:03.367232,5141.316995831119,5154.982329868153,5121.791180890235,5135.136547259874,371421
2025-01-08 10:28:03.367232,4985.694031853367,5017.784231758655,4969.287793692069,4994.763650773439,273311
2025-01-09 10:28:03.367232,5182.188661675663,5176.812132076036,5146.126338883808,5164.154119185647,410152
2025-01-10 10:28:03.367232,4946.817617421056,4977.393660331156,4925.710894977554,4960.77530174982,376827
2025-01-11 10:28:03.367232,5048.990189201971,5079.643555982178,5041.255995500617,5051.696797160266,231742
2025-01-12 10:28:03.367232,5107.381921867743,5121.707178488215,5068.264463600881,5089.637285061039,320283
2025-01-13 10:28:03.367232,5072.024381369041,5115.185714033784,5055.1149222889235,5075.235288691996,248961
2025-01-14 10:28:03.367232,5036.584802051353,5069.037164085096,5020.463935217262,5031.04376414479,275607
2025-01-15 10:28:03.367232,5048.6980905978135,5082.071270665357,5039.063262709286,5052.794314679301,440686
2025-01-16 10:28:03.367232,5030.569177308304,5062.238010813179,5017.191288966798,5039.600569214357,416463
2025-01-17 10:28:03.367232,5055.220025446567,5064.946240469421,5011.0749819947505,5035.860919528174,345144
2025-01-18 10:28:03.367232,5105.28935914967,5142.485547439475,5086.787306479423,5108.915998897069,454211
2025-01-19 10:28:03.367232,5101.185402591408,5098.971520171945,5059.4933040918795,5085.421434444243,252711
2025-01-20 10:28:03.367232,5023.285986006184,5056.384948461429,5006.2338515233705,5034.087801770541,295784
2025-01-21 10:28:03.367232,5103.427757722919,5150.097638130984,5104.60585492808,5114.903569561915,352217
2025-01-22 10:28:03.367232,5067.751691634146,5108.021316876757,5062.58347353516,5086.506328318766,431119
2025-01-23 10:28:03.367232,5119.096191137577,5140.185686259358,5074.124540895914,5113.029518122542,263244
2025-01-24 10:28:03.367232,5099.881044438469,5132.773071515385,5079.569022285632,5105.1399906895185,201158
2025-01-25 10:28:03.367232,5048.082126001383,5049.042083601807,5003.181527984028,5033.507796007797,373721
2025-01-26 10:28:03.367232,5047.20252737932,5069.141194361226,5028.91821537415,5048.274131111657,439443
2025-01-27 10:28:03.367232,5133.727644812863,5135.035246358532,5081.780166351691,5114.999907696274,382320
2025-01-28 10:28:03.367232,5096.9529747068045,5120.3178553346415,5076.344309622396,5109.5319540786795,163972
2025-01-29 10:28:03.367232,5094.117423763757,5090.098249962273,5053.733615615908,5079.372497045532,482162
2025-01-30 10:28:03.367232,5098.777624346465,5122.664661545068,5048.433335536419,5087.713750234795,382140
2025-01-31 10:28:03.367232,5158.022710551099,5165.377961064522,5133.419330322458,5147.185836765338,200922
2025-02-01 10:28:03.367232,5068.995699789187,5080.746733651676,5044.695940717824,5055.204370664511,448742
2025-02-02 10:28:03.367232,5124.083977330463,5132.604784900406,5080.53827134003,5113.643017692743,135931
2025-02-03 10:28:03.367232,5082.757113590124,5115.928678078328,5043.493634603921,5077.7083007248675,224168
2025-02-04 10:28:03.367232,5063.737737673588,5096.266845332265,5064.881725692675,5078.487942566292,266782
2025-02-05 10:28:03.367232,5127.189947825079,5168.778605027597,5127.921415656671,5145.888900645429,223099
2025-02-06 10:28:03.367232,5150.6565248053375,5170.004518407248,5123.296039991711,5133.82261089271,134693
2025-02-07 10:28:03.367232,5139.518390405544,5170.110384828468,5116.053119501297,5134.8523778247145,208944
2025-02-08 10:28:03.367232,5172.960477949058,5176.682028845399,5127.904730092451,5161.098986310011,324655
2025-02-09 10:28:03.367232,5097.807002682213,5132.625407915582,5073.007292790334,5098.546108621711,307574
2025-02-10 10:28:03.367232,5117.979150474086,5157.032429517727,5112.843955120541,5133.28682291559,379518
2025-02-11 10:28:03.367232,5070.398573153823,5109.880207628282,5064.238962618531,5085.391141465721,347572
2025-02-12 10:28:03.367232,5126.272413847129,5132.854201530448,5108.809193586507,5118.8498023579705,443615
2025-02-13 10:28:03.367232,5095.104920654738,5110.3107302714725,5078.898669031802,5097.892684858759,145913
2025-02-14 10:28:03.367232,5099.049965712605,5142.867155853804,5081.635214395454,5111.028976644591,485827
2025-02-15 10:28:03.367232,5137.400774661002,5162.630827362004,5098.511159476854,5137.736992791345,297097
2025-02-16 10:28:03.367232,5051.45667847701,5091.99384207246,5033.476496184488,5068.888320994005,406660
2025-02-17 10:28:03.367232,5219.537661352105,5248.1440521351005,5205.550956336163,5216.258805275529,187796
2025-02-18 10:28:03.367232,5053.957883911543,5096.163534703872,5026.241329593893,5063.198147734139,388213
2025-02-19 10:28:03.367232,5066.570624987411,5069.435505992004,5021.172308562965,5054.668260961924,480477
2025-02-20 10:28:03.367232,5167.595092716669,5203.487368844055,5141.769330652596,5175.180614359726,184811
2025-02-21 10:28:03.367232,5156.982693979985,5172.834510485043,5135.034015246605,5158.773888016713,290121
2025-02-22 10:28:03.367232,5132.795145772348,5184.871576756896,5130.390165387389,5152.330324176024,332892
2025-02-23 10:28:03.367232,5137.390550176912,5184.2013293531445,5135.405202800134,5154.49267466513,480172
2025-02-24 10:28:03.367232,5120.130937874962,5163.129634251199,5112.460349850064,5124.431195618695,139178
2025-02-25 10:28:03.367232,5081.3631515503075,5094.234338652315,5065.318537256811,5082.165598161622,394965
2025-02-26 10:28:03.367232,5136.820369749585,5144.531189459351,5115.421438775472,5132.819547824813,116999
2025-02-27 10:28:03.367232,5088.854529840296,5115.65363893272,5072.665714600618,5097.188026691924,400856
2025-02-28 10:28:03.367232,5189.633519686408,5199.685414753424,5149.410912043446,5181.834244241347,295623
2025-03-01 10:28:03.367232,5142.17734185181,5145.181809936401,5103.558151112303,5127.772445964241,271244
2025-03-02 10:28:03.367232,5107.106019174814,5133.099617034711,5084.176646135665,5095.91197961908,395866
2025-03-03 10:28:03.367232,5104.777842245682,5140.679475227233,5084.459395202101,5123.193089231748,372769
2025-03-04 10:28:03.367232,5161.218337531316,5180.156551424862,5123.71633006818,5161.998059641003,298237
2025-03-05 10:28:03.367232,5099.464678084237,5148.049418820048,5081.711784653057,5115.2674709475095,106859
2025-03-06 10:28:03.367232,5094.139335548297,5127.949730187312,5064.7176978668695,5104.457534913796,210986
2025-03-07 10:28:03.367232,5179.346454184885,5193.181267162855,5133.545480470191,5159.879950454199,332654
2025-03-08 10:28:03.367232,5147.782485441987,5174.043648452857,5123.19961321833,5162.082663725926,383983
2025-03-09 10:28:03.367232,5126.592685475113,5151.26429514726,5114.369008118556,5126.637159337059,389360
2025-03-10 10:28:03.367232,5135.3193769785275,5141.601555611302,5109.622725157962,5130.593147605803,415097
2025-03-11 10:28:03.367232,5176.017186207469,5179.798183489365,5151.157149345502,5167.918587385705,149522
2025-03-12 10:28:03.367232,5088.47864921216,5123.285825473015,5070.217709348655,5086.092701872683,330233
2025-03-13 10:28:03.367232,5070.704708390301,5104.491235627061,5076.089786026753,5090.313874493533,498102
2025-03-14 10:28:03.367232,5120.022276847798,5152.936444986295,5098.291415271058,5126.963824518039,473393
2025-03-15 10:28:03.367232,5155.129453847503,5176.7538561901365,5120.9813324396955,5154.420988112115,107485
2025-03-16 10:28:03.367232,5166.368538977023,5203.274178798994,5155.504927028618,5182.853879011229,343056
2025-03-17 10:28:03.367232,5237.323893614193,5280.293816736445,5228.88993507818,5243.2988163658265,212701
2025-03-18 10:28:03.367232,5195.971468223478,5225.298045775088,5180.309630773819,5214.643343871823,307352
2025-03-19 10:28:03.367232,5149.142286316345,5195.912837015412,5136.920505215233,5165.999146430145,202638
2025-03-20 10:28:03.367232,5171.163755550216,5214.188657528558,5153.641853318342,5175.286824502152,284514
2025-03-21 10:28:03.367232,5113.666707538866,5155.163122880999,5098.134168511062,5128.358077377144,374370
2025-03-22 10:28:03.367232,5182.5122775955,5217.91531752603,5162.013494287752,5179.810643665037,193405
2025-03-23 10:28:03.367232,5176.138060245373,5180.127197858463,5148.2036952250555,5168.559461479882,384732
2025-03-24 10:28:03.367232,5213.411713146728,5223.952044754589,5163.863669888405,5201.388245182365,310048
2025-03-25 10:28:03.367232,5134.160025810021,5163.95874976909,5127.438880870086,5146.154016040228,262781
2025-03-26 10:28:03.367232,5202.448251132759,5247.673576791818,5191.6492997976575,5215.748947842396,137019
2025-03-27 10:28:03.367232,5252.869642877941,5308.125841979482,5231.982695142685,5268.686929264565,361497
2025-03-28 10:28:03.367232,5194.339339256365,5206.5780311479475,5157.650488766594,5188.88212927462,165133
2025-03-29 10:28:03.367232,5224.936185038816,5246.302394023562,5204.811059194399,5216.67715597934,476588
2025-03-30 10:28:03.367232,5214.6344166384215,5249.313899828188,5218.951879517027,5233.370970845396,297530
2025-03-31 10:28:03.367232,5198.523694995615,5208.035112783016,5170.83995742271,5181.075205145868,479747
2025-04-01 10:28:03.367232,5196.6919055621875,5238.531028816778,5185.685400509254,5214.613054216128,258598
2025-04-02 10:28:03.367232,5207.96133675367,5245.469643230574,5182.879280579315,5206.309483341627,228585
2025-04-03 10:28:03.367232,5221.196242091042,5241.089639493899,5198.805575785937,5212.8338213130055,345172
2025-04-04 10:28:03.367232,5186.406653626733,5192.053079839494,5132.829865045186,5171.567888676889,405539
2025-04-05 10:28:03.367232,5222.273422780399,5227.13281904174,5187.820153776734,5213.709945495102,225814
2025-04-06 10:28:03.367232,5251.716720719604,5254.185002258861,5222.390798573426,5239.647597396813,474743
2025-04-07 10:28:03.367232,5283.142794665576,5306.3242948624,5264.546679829222,5289.564786963863,125939
2025-04-08 10:28:03.367232,5279.820245389465,5284.756240679812,5236.838630857551,5267.227240839604,253939
2025-04-09 10:28:03.367232,5312.379171121931,5364.693059001777,5316.887400727337,5329.174577266544,362347
2025-04-10 10:28:03.367232,5201.187653200733,5212.231670606787,5167.153872506874,5185.394986958311,391207
2025-04-11 10:28:03.367232,5271.523653953867,5295.321686248949,5235.410994181198,5269.619958907718,190880
2025-04-12 10:28:03.367232,5250.098648373695,5250.849803731272,5213.616791463116,5237.406737575196,103748
2025-04-13 10:28:03.367232,5338.051872523268,5375.763331943019,5313.561826881567,5339.959141142535,336094
2025-04-14 10:28:03.367232,5198.0196928087735,5223.961014097167,5169.292104934629,5192.276585000913,479413
2025-04-15 10:28:03.367232,5193.976668630698,5204.950613050254,5181.603563913964,5192.920562193254,442908
2025-04-16 10:28:03.367232,5216.407913017352,5238.379385064032,5192.171838752534,5207.144332147139,251956
2025-04-17 10:28:03.367232,5116.383349853372,5159.424297092428,5109.7519014098925,5133.118150572149,256255
2025-04-18 10:28:03.367232,5197.629413328035,5227.667090340816,5198.939766006174,5215.215329968412,470180
2025-04-19 10:28:03.367232,5195.611405764897,5229.476295650352,5194.227905544702,5205.727276404492,250331
2025-04-20 10:28:03.367232,5239.756413641619,5277.915515050992,5218.065136515536,5253.374626437091,267031
2025-04-21 10:28:03.367232,5279.974823346931,5280.076716888141,5225.667704808319,5265.103480683243,478669
2025-04-22 10:28:03.367232,5332.742766284625,5382.345151200312,5310.179920570401,5343.9742067903035,447823
2025-04-23 10:28:03.367232,5318.860212262463,5335.324863174118,5264.212054378559,5299.8256020296985,225829
2025-04-24 10:28:03.367232,5219.062094195606,5255.656932644635,5208.32694861525,5225.586262524762,228216
2025-04-25 10:28:03.367232,5198.910284472421,5235.494434674892,5172.806758579477,5211.625567844873,495319
2025-04-26 10:28:03.367232,5294.832411933802,5305.597437895638,5267.3367005145,5283.244471648103,165901
2025-04-27 10:28:03.367232,5201.074269354605,5224.255162349099,5156.183064023716,5194.72595833457,343386
2025-04-28 10:28:03.367232,5354.313927492138,5380.749054916219,5314.541520015034,5354.386098834012,275607
2025-04-29 10:28:03.367232,5326.061233034221,5335.714884173172,5292.495006824334,5323.846690996716,198046
2025-04-30 10:28:03.367232,5252.231030955196,5268.838039287415,5204.028647870551,5243.4629598243055,452156
2025-05-01 10:28:03.367232,5172.435350931179,5217.489269794912,5156.210967890914,5183.2971612779265,178278
2025-05-02 10:28:03.367232,5358.517655435414,5362.441495121053,5320.878045297862,5338.664298793145,374535
2025-05-03 10:28:03.367232,5286.236417487326,5278.803388328083,5244.134814431486,5267.244691001455,202476
2025-05-04 10:28:03.367232,5342.86030879151,5370.435627319153,5309.040453276269,5336.847281337632,482865
2025-05-05 10:28:03.367232,5185.184915895531,5213.244131322444,5185.010770997555,5197.203217858365,197537
2025-05-06 10:28:03.367232,5256.1160452261465,5266.665540575536,5220.236617590378,5248.906915528895,443303
2025-05-07 10:28:03.367232,5263.95936802651,5296.012622270312,5241.636096564474,5281.071431667343,493184
2025-05-08 10:28:03.367232,5266.300059091747,5304.98041094966,5269.370729510003,5285.073959003515,281429
2025-05-09 10:28:03.367232,5252.4263503651755,5294.821579995387,5228.341181336076,5262.119034824727,317980
2025-05-10 10:28:03.367232,5316.148398077824,5343.225055593369,5280.406515994862,5317.643479808251,397647
2025-05-11 10:28:03.367232,5249.710437255951,5251.125975264136,5196.668489255008,5234.979537039615,175403
2025-05-12 10:28:03.367232,5292.16843338391,5319.416572937819,5244.277602461094,5283.0816705932575,164286
2025-05-13 10:28:03.367232,5307.743900914095,5334.423095714642,5272.3918509044515,5298.035640066096,436986
2025-05-14 10:28:03.367232,5316.562496685905,5355.660116059362,5280.223526068236,5319.542763307982,204927
2025-05-15 10:28:03.367232,5325.01830602918,5348.344792668748,5298.461600113268,5331.180906327301,377052
2025-05-16 10:28:03.367232,5235.967961193943,5264.663590999988,5226.276267587449,5241.126410674558,399372
2025-05-17 10:28:03.367232,5241.895794717267,5261.93950185205,5198.082808973785,5222.389812167824,123386
2025-05-18 10:28:03.367232,5346.299034400583,5397.855041033383,5333.144731482923,5364.694666744083,277826
2025-05-19 10:28:03.367232,5333.801043903804,5329.934806695674,5301.699574584334,5319.119784058907,390446
2025-05-20 10:28:03.367232,5269.897643562773,5278.706764957692,5237.53217171341,5266.750627219877,422959
2025-05-21 10:28:03.367232,5380.925319519027,5407.298644055813,5353.382688380045,5383.380702751443,352156
2025-05-22 10:28:03.367232,5322.24224468794,5350.5085444471815,5298.350945957078,5313.231938271335,425488
2025-05-23 10:28:03.367232,5367.48155881411,5394.175855095703,5341.062241783539,5368.014801157122,473747
2025-05-24 10:28:03.367232,5328.94085086612,5338.938296583882,5280.855114013495,5314.003921342854,423258
2025-05-25 10:28:03.367232,5431.247537457987,5428.383673896235,5390.2525929614585,5415.219462897537,348724
2025-05-26 10:28:03.367232,5398.347730562857,5431.182296629648,5391.1157999846355,5401.478893487919,301202
2025-05-27 10:28:03.367232,5293.841964359145,5337.43194728775,5292.497698397365,5302.768852469743,125525
2025-05-28 10:28:03.367232,5368.969968715534,5386.688555797027,5344.5650752527,5365.2759555718,179818
2025-05-29 10:28:03.367232,5366.915950234569,5383.689771937661,5312.635594356948,5350.421416409901,214589
2025-05-30 10:28:03.367232,5376.440488693104,5426.948300749902,5371.1536977447695,5388.014001132878,245406
2025-05-31 10:28:03.367232,5277.659049506528,5288.853379937819,5243.709475497838,5272.740386163989,194715
2025-06-01 10:28:03.367232,5361.929754363512,5382.367234495653,5340.005069439011,5356.667345559811,293839
2025-06-02 10:28:03.367232,5385.962562117585,5395.252179963511,5356.987941531187,5376.638041220974,368788
2025-06-03 10:28:03.367232,5222.368186530034,5270.891111695959,5201.664216436899,5237.1054791249435,463298
2025-06-04 10:28:03.367232,5275.811524360656,5294.506326749807,5235.312682505274,5267.178525773373,357438
2025-06-05 10:28:03.367232,5242.013279758027,5254.689451457911,5212.790000612005,5225.651978931402,405613
2025-06-06 10:28:03.367232,5302.575630357646,5349.325730791314,5292.527245373243,5315.3883060028365,468753
2025-06-07 10:28:03.367232,5355.455269996501,5387.832651179419,5355.078444090188,5365.953536999546,427350
2025-06-08 10:28:03.367232,5425.240374832894,5443.837273123439,5381.957866673139,5406.3845710712285,458606
2025-06-09 10:28:03.367232,5323.373156983378,5362.124944892383,5306.261058523966,5336.1340788749985,267679
2025-06-10 10:28:03.367232,5429.170286967329,5429.733527917607,5401.439804524602,5414.994883232546,183178
2025-06-11 10:28:03.367232,5265.356883971792,5296.542743258935,5246.999221546595,5265.665769713871,275458
2025-06-12 10:28:03.367232,5240.469505061071,5284.378102598092,5228.6451633198785,5250.580262084944,354466
2025-06-13 10:28:03.367232,5348.8521839089035,5353.525038170029,5296.436257118322,5334.022187858003,186724
2025-06-14 10:28:03.367232,5354.836742511252,5392.739910021109,5317.226881848457,5357.024532311146,329204
2025-06-15 10:28:03.367232,5337.772261447239,5374.363864933024,5325.832228320182,5337.179567290051,196393
2025-06-16 10:28:03.367232,5230.775805037187,5254.7136048825305,5203.576232556334,5236.406470261196,489458
2025-06-17 10:28:03.367232,5339.975980169713,5375.763590293773,5315.106224120245,5336.257946112316,176312
2025-06-18 10:28:03.367232,5262.937788152213,5290.618179090275,5254.6230876619275,5276.396833248812,437468
2025-06-19 10:28:03.367232,5371.624438454739,5392.041647040743,5343.353227788258,5375.981176988668,171196
2025-06-20 10:28:03.367232,5380.451979483472,5377.202231767202,5324.122693625699,5361.675486590061,170014
2025-06-21 10:28:03.367232,5287.495641539072,5333.989995531262,5258.64244639595,5297.170304231026,241994
2025-06-22 10:28:03.367232,5325.529747815381,5348.889057803478,5291.946603652579,5319.260281233729,133340
2025-06-23 10:28:03.367232,5285.76042991766,5307.315955845341,5272.039192569658,5292.752827348672,401994
2025-06-24 10:28:03.367232,5354.248829990036,5366.519607513622,5309.683432386808,5343.309904962572,213711
2025-06-25 10:28:03.367232,5380.136704726267,5423.360699049628,5377.371716799665,5394.901758297534,315250
2025-06-26 10:28:03.367232,5317.322345078245,5311.033425824785,5271.607282410098,5298.529503275104,111094
2025-06-27 10:28:03.367232,5371.811220826608,5410.132130223483,5352.9022853255165,5373.659639171263,450103
2025-06-28 10:28:03.367232,5311.998275720787,5356.664363250175,5292.857324975693,5322.556257186929,367885
2025-06-29 10:28:03.367232,5292.9474892450025,5335.1638225591005,5292.795651964996,5310.007619351802,211585
2025-06-30 10:28:03.367232,5331.642470247208,5383.865952501481,5329.104365671661,5344.852154043706,484708
2025-07-01 10:28:03.367232,5299.755212052737,5321.49708348875,5261.417081510233,5298.964254110497,168798
2025-07-02 10:28:03.367232,5317.0170250500205,5363.0602075638635,5310.482787504283,5323.536897992769,478170
2025-07-03 10:28:03.367232,5304.944107684842,5321.826373013646,5266.610035817489,5291.788773049537,301604
2025-07-04 10:28:03.367232,5447.588066453393,5479.39270370454,5433.726982018031,5450.352565506922,210130
2025-07-05 10:28:03.367232,5344.2320694956625,5369.262145451031,5343.115599692387,5354.283498592157,384308
2025-07-06 10:28:03.367232,5322.5942711318185,5354.366304416796,5306.8279071189145,5317.908471667657,266667
2025-07-07 10:28:03.367232,5372.2097230763375,5386.763325038538,5348.681981237745,5363.93863440092,130257
2025-07-08 10:28:03.367232,5334.620330773461,5362.805656630898,5311.935543822244,5347.938654457424,458133
2025-07-09 10:28:03.367232,5329.49735929073,5353.17081623847,5324.318228319887,5342.792590639197,498448
2025-07-10 10:28:03.367232,5366.272950017787,5411.598763449596,5346.292317823186,5384.806092940445,152691
2025-07-11 10:28:03.367232,5401.65667178047,5418.022579841525,5364.751922388168,5392.200591177844,179768
2025-07-12 10:28:03.367232,5334.550633006199,5359.579060572401,5304.900026208264,5327.998451901327,114026
2025-07-13 10:28:03.367232,5324.887095869275,5362.609602429817,5298.499195799199,5325.901860839283,325162
2025-07-14 10:28:03.367232,5354.847342288583,5353.462721869106,5315.5795727730265,5341.080524329815,393052
2025-07-15 10:28:03.367232,5252.075387448952,5271.793476041161,5207.08529371823,5239.84858133095,119610
2025-07-16 10:28:03.367232,5282.682115375945,5294.8902991230025,5260.793058820889,5279.267940800075,277718
2025-07-17 10:28:03.367232,5438.156375225121,5459.170835599306,5402.834012256582,5423.425524004591,425329
2025-07-18 10:28:03.367232,5425.589770709023,5471.928027723402,5400.533293231555,5437.356122307552,434711
2025-07-19 10:28:03.367232,5327.130410042016,5368.877437915673,5304.259929871594,5342.653625266106,278646
2025-07-20 10:28:03.367232,5374.692878803423,5415.210178301442,5347.126147518149,5383.902894342743,322123
2025-07-21 10:28:03.367232,5352.862747505678,5390.009776657618,5347.995833443386,5370.579273262106,398326
2025-07-22 10:28:03.367232,5510.121587175955,5533.009843023899,5475.463840965707,5508.874806055914,478280
2025-07-23 10:28:03.367232,5428.260208338816,5445.445087578331,5386.505908647984,5410.795980647017,493786
2025-07-24 10:28:03.367232,5329.8542326850275,5372.058446973484,5323.354295493904,5348.280491058287,119288
2025-07-25 10:28:03.367232,5291.615751727486,5327.465303126848,5290.590951895367,5306.731355167085,440968
2025-07-26 10:28:03.367232,5272.07911284191,5298.817525128081,5246.257242612816,5273.991151710572,184425
2025-07-27 10:28:03.367232,5381.620045657352,5399.112522529353,5348.680968023636,5364.265044956236,100917
2025-07-28 10:28:03.367232,5308.6724993337975,5336.082496555854,5296.079314162712,5316.026255134728,437746
2025-07-29 10:28:03.367232,5282.746199046909,5297.669654493446,5246.805900650776,5282.456806699373,426719
2025-07-30 10:28:03.367232,5302.603477195001,5352.300983442909,5304.728288556659,5320.940562832985,434662
2025-07-31 10:28:03.367232,5284.7995171165885,5333.645135459347,5286.731040522902,5298.865789078105,353187
2025-08-01 10:28:03.367232,5456.413985400778,5449.9679048381295,5424.878552704039,5436.948780482424,139104
2025-08-02 10:28:03.367232,5414.901738637178,5413.493214162414,5358.073455164643,5396.296990779736,249134
2025-08-03 10:28:03.367232,5331.612344007386,5365.673904462839,5326.207131631155,5351.41474477001,379143
2025-08-04 10:28:03.367232,5443.4567811752295,5445.822552105766,5403.10194760379,5425.3843097583,362091
2025-08-05 10:28:03.367232,5360.369683459183,5378.315415313725,5320.478528516325,5354.8048859465625,161169
2025-08-06 10:28:03.367232,5322.1142987370995,5339.862357065198,5272.322789118984,5307.397566956299,254542
2025-08-07 10:28:03.367232,5424.3091243634035,5455.6539576845,5406.153799144581,5426.119530138049,229744
2025-08-08 10:28:03.367232,5377.010772791424,5405.014788672607,5345.5783899240405,5376.386931648254,472828
2025-08-09 10:28:03.367232,5296.587960195952,5317.605345383965,5263.900412510118,5297.034096985675,159821
2025-08-10 10:28:03.367232,5345.486213369213,5374.055069659912,5309.17212246139,5338.811643067369,317741
2025-08-11 10:28:03.367232,5289.543415552299,5328.095980383991,5289.409513118044,5303.957365362046,349265
2025-08-12 10:28:03.367232,5259.18480336349,5317.359007909037,5241.709367263071,5277.9858597685825,497745
2025-08-13 10:28:03.367232,5385.117701880343,5421.824768365567,5366.627667634615,5392.800504216695,314127
2025-08-14 10:28:03.367232,5449.494033620125,5455.094745357595,5422.832630319559,5441.3068031106595,374336
2025-08-15 10:28:03.367232,5263.304996307276,5305.516185084622,5252.474012659228,5275.230858222359,436246
2025-08-16 10:28:03.367232,5379.547547604661,5392.363370734616,5361.483117559697,5372.610250271665,303834
2025-08-17 10:28:03.367232,5330.008349320295,5341.801683376587,5297.375863439332,5311.211867476004,334538
2025-08-18 10:28:03.367232,5302.405995159941,5330.739200973237,5285.683564012888,5318.6499665283645,477038
2025-08-19 10:28:03.367232,5319.533278559219,5327.875636945492,5302.628844787553,5312.629193830214,186795
2025-08-20 10:28:03.367232,5296.022817268004,5333.944926262994,5275.775833641352,5298.272808495821,265159
2025-08-21 10:28:03.367232,5357.82877187716,5359.918468412766,5317.427776269493,5343.10308170206,428821
2025-08-22 10:28:03.367232,5285.4017351369885,5333.426977316381,5286.676710959064,5298.315743559093,235699
2025-08-23 10:28:03.367232,5360.259378413349,5370.932622977934,5313.361995435132,5352.554340324302,343877
2025-08-24 10:28:03.367232,5349.1948655645565,5364.956711280393,5318.886494041142,5335.670253978632,299298
2025-08-25 10:28:03.367232,5343.152812468279,5356.192760894613,5306.242282100229,5325.368243689318,496471
2025-08-26 10:28:03.367232,5298.384117318069,5316.433838780835,5271.935920818832,5291.054196186483,288505
2025-08-27 10:28:03.367232,5306.581208737387,5325.853538477952,5289.781718313529,5306.69421817705,236285
2025-08-28 10:28:03.367232,5377.100743520867,5388.766185203951,5362.342639250229,5372.386853912818,202412
2025-08-29 10:28:03.367232,5373.488396859005,5369.727878116729,5326.851853657216,5358.732197479856,119404
2025-08-30 10:28:03.367232,5286.686988418729,5302.980990590398,5244.857233559198,5283.862598553176,216545
2025-08-31 10:28:03.367232,5317.961902484379,5366.341303812444,5320.017615597953,5336.746420096505,322128
2025-09-01 10:28:03.367232,5385.612422635268,5406.523619368443,5338.483059060885,5368.374474814988,250245
2025-09-02 10:28:03.367232,5253.92756089289,5282.48262531952,5214.089601042867,5246.346490851628,284099
2025-09-03 10:28:03.367232,5363.043715373634,5388.965123238603,5320.530418569828,5355.983179942544,386133
2025-09-04 10:28:03.367232,5283.2966436855495,5328.32305788724,5271.9907616792325,5294.669637589641,361657
2025-09-05 10:28:03.367232,5361.65953722131,5385.253665516283,5336.21619124279,5355.304118412003,470250
2025-09-06 10:28:03.367232,5283.327335146815,5305.381364647629,5267.813904899958,5287.572758920649,386663
2025-09-07 10:28:03.367232,5240.491106484067,5271.657638323582,5203.0631474094525,5234.4417874024075,356875
2025-09-08 10:28:03.367232,5226.511786340785,5272.37003448564,5207.744681133296,5242.248065128465,384583
2025-09-09 10:28:03.367232,5331.2721382357895,5351.771544981081,5309.50990701897,5324.958326051668,480714
2025-09-10 10:28:03.367232,5354.4357229413845,5347.788857986962,5313.3309436658255,5334.459173910558,114995
2025-09-11 10:28:03.367232,5257.095231888452,5298.578416648223,5238.108544431555,5275.1667503340295,123559
2025-09-12 10:28:03.367232,5370.299754373756,5375.02353514096,5317.011981414061,5351.212787004903,451193
2025-09-13 10:28:03.367232,5231.375601282889,5271.036191139654,5195.5535307711,5235.099282853974,498237
2025-09-14 10:28:03.367232,5328.585587601053,5340.154896193196,5281.128001797099,5313.755449587562,198000
2025-09-15 10:28:03.367232,5266.680728691953,5276.797325798734,5233.589453298784,5255.385309329622,252191
2025-09-16 10:28:03.367232,5284.894667225139,5321.5180266409925,5254.494881765833,5282.214016785672,401494
2025-09-17 10:28:03.367232,5325.576948917907,5329.360598347644,5286.208552920435,5316.038980547854,125517
2025-09-18 10:28:03.367232,5284.64624873722,5292.182079134524,5257.151951795652,5269.505626285166,315558
2025-09-19 10:28:03.367232,5288.315903121223,5303.411030510323,5265.815381482065,5292.150290255181,451276
2025-09-20 10:28:03.367232,5353.620836872828,5392.7366340333065,5329.25988555612,5360.539510410298,421690
2025-09-21 10:28:03.367232,5286.926349636965,5317.764910780396,5265.20297509439,5280.222614214422,205686
2025-09-22 10:28:03.367232,5362.004030989727,5368.091313198591,5316.27124178931,5349.690193312076,188151
2025-09-23 10:28:03.367232,5260.7465808575935,5286.005425770502,5222.741992051106,5250.255175466529,365471
2025-09-24 10:28:03.367232,5343.975263232553,5350.829264192064,5293.496063707279,5332.062717278207,220318
2025-09-25 10:28:03.367232,5373.903831977088,5413.803604233888,5365.207830438364,5376.480499384571,295490
2025-09-26 10:28:03.367232,5192.3608525636055,5212.266341024509,5161.687699789941,5179.647483916605,273860
2025-09-27 10:28:03.367232,5247.019540923807,5296.358382014226,5234.164562329987,5262.2111787089825,215945
2025-09-28 10:28:03.367232,5331.514448112298,5340.2750808618775,5310.838086827685,5329.734884193864,313456
2025-09-29 10:28:03.367232,5269.784307168579,5328.4382714608755,5258.1212358265175,5289.553960748654,408974
2025-09-30 10:28:03.367232,5310.072037179973,5348.888733746072,5284.318445508305,5317.0886039839625,152446
2025-10-01 10:28:03.367232,5261.816232834618,5286.300304301346,5254.082292517767,5267.157771439762,287655
2025-10-02 10:28:03.367232,5296.360300425999,5335.395232707394,5275.097758835426,5300.513392761629,240148
2025-10-03 10:28:03.367232,5295.047266265051,5305.674213949904,5261.961861329724,5287.228577997456,169341
2025-10-04 10:28:03.367232,5347.77457816659,5388.41486930276,5331.15383100931,5352.232254115776,131085
2025-10-05 10:28:03.367232,5303.345334728895,5318.775001536353,5267.409843946904,5305.397589823994,417715
2025-10-06 10:28:03.367232,5297.895037660089,5339.503851748939,5273.568082828919,5308.393272425115,490452
2025-10-07 10:28:03.367232,5264.689658105601,5295.980540739774,5238.843304983138,5269.7595864404275,105750
2025-10-08 10:28:03.367232,5253.908415447402,5277.713664462739,5233.3878312848265,5264.817630356876,476075
2025-10-09 10:28:03.367232,5249.34709369759,5283.6760715946175,5242.567772432459,5266.419256746853,440912
2025-10-10 10:28:03.367232,5310.7621643055345,5316.996341658599,5268.994384937382,5306.624220570279,135903
2025-10-11 10:28:03.367232,5271.4410748232385,5288.775601844974,5233.874700063439,5264.712562881038,303561
2025-10-12 10:28:03.367232,5303.896544954617,5318.154888937032,5267.2474992645575,5299.116931114232,191036
2025-10-13 10:28:03.367232,5385.811119046733,5415.222081823643,5351.42063018109,5387.2713572947105,187954
2025-10-14 10:28:03.367232,5321.129338449832,5344.855041473921,5307.715759562397,5325.937907242663,445158
2025-10-15 10:28:03.367232,5279.501917492776,5283.966144855112,5230.756444393902,5264.968571509903,217305
2025-10-16 10:28:03.367232,5340.990006446415,5372.522531002914,5324.369516952271,5340.226735040966,300753
2025-10-17 10:28:03.367232,5257.834541956396,5270.111551930557,5238.307008283859,5258.6672668512065,132101
2025-10-18 10:28:03.367232,5157.10468210121,5213.165849324711,5156.010685840857,5176.078999468952,102775
2025-10-19 10:28:03.367232,5220.15469433772,5262.072697464409,5187.149017181,5226.504781232674,211497
2025-10-20 10:28:03.367232,5177.511358647404,5212.337674392762,5146.607417183532,5182.30353389597,145619
2025-10-21 10:28:03.367232,5253.165042541018,5285.0087784083635,5226.177035457435,5257.212131305142,352388
2025-10-22 10:28:03.367232,5277.871413797932,5311.433593973029,5242.852816180377,5274.664519028839,333346
2025-10-23 10:28:03.367232,5357.876954423699,5372.092757940485,5329.670668722547,5356.532852554624,419268
2025-10-24 10:28:03.367232,5292.353008384302,5300.405879538288,5249.624084659308,5288.036804672563,165149
2025-10-25 10:28:03.367232,5270.322717499652,5276.912692135253,5234.839624451496,5259.727387037967,126616
2025-10-26 10:28:03.367232,5323.677090586759,5344.995009399121,5289.742129742019,5311.157661038115,321767
2025-10-27 10:28:03.367232,5166.873957780446,5169.189142733181,5143.257974623439,5158.149034731387,285639
2025-10-28 10:28:03.367232,5297.739798530012,5307.00305574432,5245.9326811239835,5279.518850691815,268171
2025-10-29 10:28:03.367232,5286.057363362129,5345.191185540813,5273.294742092807,5305.328060055074,306903
2025-10-30 10:28:03.367232,5179.748086345759,5227.5878497335425,5170.386315762693,5191.916966918417,331318
2025-10-31 10:28:03.367232,5302.413218390532,5347.754074062715,5311.35490097263,5322.110703391407,423943
2025-11-01 10:28:03.367232,5286.839212747932,5292.849451460347,5245.770304350208,5280.940224181748,452365
2025-11-02 10:28:03.367232,5258.280745914371,5277.300729387944,5232.01698445275,5242.359523956372,477023
2025-11-03 10:28:03.367232,5283.627361860868,5321.857425243133,5262.777076608944,5293.888069997816,387623
2025-11-04 10:28:03.367232,5392.007022625686,5388.37363074562,5335.817927542052,5374.925640833833,461309
2025-11-05 10:28:03.367232,5252.05440974191,5282.459432675028,5246.513874285882,5269.643714130328,155863
2025-11-06 10:28:03.367232,5289.516070188905,5309.427433699782,5255.089426966806,5272.138629116685,273115
2025-11-07 10:28:03.367232,5230.019863249264,5266.0309636478205,5204.808825458377,5235.954955759678,444713
2025-11-08 10:28:03.367232,5199.70162095888,5250.523391800413,5181.1309435604435,5215.644787820911,353347
2025-11-09 10:28:03.367232,5298.321674252307,5335.256170893322,5272.493894402519,5298.886803884854,289052
2025-11-10 10:28:03.367232,5204.089283378207,5240.971391230837,5174.807162411703,5213.818220669387,378495
2025-11-11 10:28:03.367232,5250.867816130747,5284.996290604921,5247.922838402532,5259.47290005227,235203
2025-11-12 10:28:03.367232,5223.595647294893,5254.216871007471,5206.160180748706,5231.304048697842,347908
2025-11-13 10:28:03.367232,5290.569811009657,5297.9571727300845,5246.895156676675,5278.448775096351,406969
2025-11-14 10:28:03.367232,5272.083100051105,5293.554527809856,5234.637434849619,5270.516648984095,373493
2025-11-15 10:28:03.367232,5297.517866947756,5338.281948653421,5289.687890624282,5305.065558981516,292003
2025-11-16 10:28:03.367232,5231.477724029188,5255.122075627205,5193.06426824384,5227.064372696751,406398
2025-11-17 10:28:03.367232,5247.116064798517,5275.245736528234,5211.888825558033,5238.470037829589,400369
2025-11-18 10:28:03.367232,5193.3514536096545,5225.747894011689,5180.549883120614,5202.4464935803135,374597
2025-11-19 10:28:03.367232,5225.155513131761,5256.826236432309,5214.662098213374,5228.613549070747,249886
2025-11-20 10:28:03.367232,5254.035179478377,5298.098962337659,5233.200862977632,5269.159735744899,249335
2025-11-21 10:28:03.367232,5274.879902796324,5315.384843684126,5272.915732569545,5287.633928814937,177694
2025-11-22 10:28:03.367232,5210.434335333595,5234.268634367561,5183.8959853987235,5203.189621174996,115735
2025-11-23 10:28:03.367232,5279.573016835543,5309.438486978963,5273.614116968845,5292.315482927718,410037
2025-11-24 10:28:03.367232,5317.185125406883,5341.5495033865745,5280.036169034475,5316.178590060201,275745
2025-11-25 10:28:03.367232,5277.016306934292,5281.781200549644,5238.473366639128,5268.654456465394,489150
2025-11-26 10:28:03.367232,5325.708383073678,5362.968645979233,5307.532864234147,5341.433306149888,320534
2025-11-27 10:28:03.367232,5211.232417284053,5233.169940557535,5191.025891535121,5208.539928498896,145066
2025-11-28 10:28:03.367232,5174.920377514962,5214.224593953271,5155.911643178697,5184.657866166907,331387
2025-11-29 10:28:03.367232,5176.158480424097,5196.157336992181,5130.489025920282,5157.641405414594,234445
2025-11-30 10:28:03.367232,5320.4341355741935,5349.111841701847,5286.1073984017485,5321.0923097053965,372836
2025-12-01 10:28:03.367232,5290.986863365606,5311.054978859896,5241.564549560161,5278.747161374599,145541
2025-12-02 10:28:03.367232,5245.023839931802,5268.202760030407,5232.65007510123,5243.0147782455515,265129
2025-12-03 10:28:03.367232,5241.320659287882,5288.607278914979,5229.363560401926,5259.58415797369,166983
2025-12-04 10:28:03.367232,5194.455850741509,5201.257762201761,5177.574721744156,5189.129795717748,250655
2025-12-05 10:28:03.367232,5385.593525695813,5385.169139432802,5341.071632055226,5367.537392007546,253837
2025-12-06 10:28:03.367232,5255.648102325517,5272.439222315818,5232.954647648354,5251.583629519664,290359
2025-12-07 10:28:03.367232,5263.260075211954,5274.667321485078,5231.289222849218,5250.492520834882,482891
2025-12-08 10:28:03.367232,5296.607207494762,5292.608411325898,5260.6501938572555,5281.238948960826,447247
2025-12-09 10:28:03.367232,5258.079917348793,5283.157449397435,5240.317952999348,5268.956726470836,310747
2025-12-10 10:28:03.367232,5244.565893485122,5274.3885291225315,5236.062600918729,5256.0840998887925,277597
2025-12-11 10:28:03.367232,5209.817203820228,5244.52394499322,5173.39699274848,5205.377964266188,269302
2025-12-12 10:28:03.367232,5264.95634615826,5288.455617579083,5246.379385798776,5268.515207365992,387710
2025-12-13 10:28:03.367232,5352.706034146698,5363.572813775391,5327.0609860227305,5339.111582032029,435337
2025-12-14 10:28:03.367232,5328.379460042588,5328.26146648882,5278.865739832145,5312.378535106668,352084
2025-12-15 10:28:03.367232,5319.029636947997,5353.216183908161,5306.320032038107,5324.892781775888,221015
2025-12-16 10:28:03.367232,5209.302274303222,5238.247948409721,5196.844445556264,5219.827451944242,272257
2025-12-17 10:28:03.367232,5207.312785406325,5212.301542149724,5165.528448299914,5196.091764796571,346536
2025-12-18 10:28:03.367232,5230.487764424506,5264.99270185596,5219.521838288119,5239.495523002581,324021
2025-12-19 10:28:03.367232,5261.717743502931,5258.978344737196,5237.115601077982,5248.813170762383,230956
2025-12-20 10:28:03.367232,5297.9573714138605,5311.237762247387,5279.790209857526,5301.00784126791,170744
2025-12-21 10:28:03.367232,5168.677736495113,5178.54780479651,5123.642283042625,5161.975740523454,395599
2025-12-22 10:28:03.367232,5307.228047355441,5334.508275677079,5294.154602883097,5323.406634802054,416363
2025-12-23 10:28:03.367232,5244.342748800842,5252.6291484377,5209.2440013537625,5239.388375813779,408135
2025-12-24 10:28:03.367232,5224.404637574304,5246.499749904977,5197.365465815686,5226.333930424815,173616
2025-12-25 10:28:03.367232,5200.9559255196,5231.569157379975,5181.521822823797,5197.491586992581,187438
2025-12-26 10:28:03.367232,5152.523009549865,5192.963900541149,5143.252425317001,5165.80244124007,216841
2025-12-27 10:28:03.367232,5299.656899932542,5315.561981913467,5257.653756183875,5290.1819501347745,240558
2025-12-28 10:28:03.367232,5267.709046489799,5272.001828084314,5240.155976461476,5253.19716338807,269934
2025-12-29 10:28:03.367232,5174.240366264637,5223.523385843991,5167.235190978315,5185.570774261006,352734
2025-12-30 10:28:03.367232,5169.710730523393,5207.792599539703,5167.592575048611,5185.882148302587,158870
2025-12-31 10:28:03.367232,5215.389370961085,5247.056610523105,5211.483259691397,5234.4438275192315,186694
2026-01-01 10:28:03.367232,5340.989667918865,5363.822803384668,5295.899745672869,5335.3108079011345,337068
2026-01-02 10:28:03.367232,5243.820265071613,5252.95165543236,5227.511427227547,5239.536503628062,406000
2026-01-03 10:28:03.367232,5179.9127980306985,5198.401595806186,5152.483871690718,5178.044901522136,201407
2026-01-04 10:28:03.367232,5230.9083554313665,5266.852829748262,5226.249531126361,5241.630471586727,131379
2026-01-05 10:28:03.367232,5236.662809798492,5277.2532457028265,5201.906273599979,5241.026569962271,426873
2026-01-06 10:28:03.367232,5124.3720830490065,5145.399427051763,5107.193924499736,5120.59302964156,336500
2026-01-07 10:28:03.367232,5253.397328708737,5284.59441733532,5231.418624283522,5253.52665435437,154353
2026-01-08 10:28:03.367232,5265.039474552496,5285.3125589138735,5213.391504198863,5245.528053743901,281068
2026-01-09 10:28:03.367232,5278.205333263687,5306.6924167583575,5261.611110320595,5292.747743161418,376175
2026-01-10 10:28:03.367232,5359.082825303759,5369.518988907441,5328.595184035037,5351.277043141855,311144
2026-01-11 10:28:03.367232,5312.251120925432,5337.91565246919,5295.682645162678,5316.07837020126,165982
2026-01-12 10:28:03.367232,5244.383505389118,5269.910366148258,5225.327149435507,5247.255520792093,136683
2026-01-13 10:28:03.367232,5215.056244179029,5228.682965810668,5188.424045657943,5206.352333552702,214091
2026-01-14 10:28:03.367232,5399.051448187997,5428.582332211719,5375.194013973819,5391.354002135023,217797
2026-01-15 10:28:03.367232,5286.33312942514,5298.103869011059,5242.191698750286,5266.682889677053,106587
2026-01-16 10:28:03.367232,5250.6185883932085,5293.719973237765,5247.426804133015,5265.482816815043,424934
2026-01-17 10:28:03.367232,5248.8371430927855,5283.953938653302,5246.0489071705015,5264.672757117419,393624
2026-01-18 10:28:03.367232,5285.877574830131,5311.61773367162,5247.201340240745,5276.904022144981,329602
2026-01-19 10:28:03.367232,5264.065956220682,5299.582294884975,5221.874359589429,5260.930479540426,251599
2026-01-20 10:28:03.367232,5231.608307594659,5275.277829408774,5212.532764915485,5240.641880932267,385713
2026-01-21 10:28:03.367232,5226.362868686364,5253.233047082549,5230.876709914855,5243.1860939268045,373295
2026-01-22 10:28:03.367232,5253.549151016022,5299.214862137666,5257.8553126165425,5270.122821032164,290246
2026-01-23 10:28:03.367232,5261.615505500585,5257.381931957283,5207.3051738886525,5245.84787051402,144739
2026-01-24 10:28:03.367232,5226.337107482531,5256.390631103793,5219.743690784561,5238.662414493781,132954
2026-01-25 10:28:03.367232,5273.873423124819,5292.724301650632,5268.176551057724,5280.938560640198,343935
2026-01-26 10:28:03.367232,5253.273314265803,5292.320921765205,5236.235720562211,5264.207058176723,209373
2026-01-27 10:28:03.367232,5347.720579878441,5384.118425049941,5324.811264296455,5353.520727645163,134700
2026-01-28 10:28:03.367232,5129.940747450993,5160.598422883126,5117.7086491375885,5147.163793741149,223728
2026-01-29 10:28:03.367232,5336.467020775531,5357.219795630549,5317.682568303474,5335.7046291392,428932
2026-01-30 10:28:03.367232,5327.580589527401,5368.563182252378,5334.422766457278,5344.876086983712,171045
2026-01-31 10:28:03.367232,5192.384389708156,5201.441720048089,5141.419668311628,5180.370129395262,244972
2026-02-01 10:28:03.367232,5257.746557984149,5282.028824722288,5250.871283336999,5268.398074707732,490136
2026-02-02 10:28:03.367232,5270.0784203013245,5291.046377422768,5238.197155075567,5268.477943717144,442203
2026-02-03 10:28:03.367232,5233.419529722703,5250.751707654497,5187.017470123884,5218.216366220245,101881
2026-02-04 10:28:03.367232,5257.30231147721,5263.39744665132,5222.966994202938,5251.267216715322,494846
2026-02-05 10:28:03.367232,5237.5375043156855,5248.624593276089,5216.831971027223,5236.219192853632,382933
2026-02-06 10:28:03.367232,5373.948315960015,5401.61810459048,5362.842078222478,5380.9749658354,488227
2026-02-07 10:28:03.367232,5335.102106508413,5380.033801334653,5313.851981505004,5341.782029986085,188059
2026-02-08 10:28:03.367232,5367.014894804045,5390.292595997806,5324.252547587767,5360.235416596118,314566
2026-02-09 10:28:03.367232,5354.188945794435,5364.783470045766,5296.021359477887,5334.423371345589,408295
2026-02-10 10:28:03.367232,5250.06507147718,5264.44910360834,5230.414329751092,5243.5915038832045,209388
2026-02-11 10:28:03.367232,5277.855614751689,5303.354101793145,5260.899419678956,5275.544278056888,298303
2026-02-12 10:28:03.367232,5337.21276351766,5338.290678628922,5289.644655344598,5327.98674310809,365406
2026-02-13 10:28:03.367232,5242.788741245344,5273.263398146281,5212.084459903951,5244.180516753995,429125
2026-02-14 10:28:03.367232,5325.132220476401,5380.125135199657,5306.236712027477,5342.72652677237,483095
2026-02-15 10:28:03.367232,5299.362343224389,5325.247674639618,5280.791491565213,5296.870470589273,485243
2026-02-16 10:28:03.367232,5310.280909084029,5328.186855507804,5264.348321570532,5291.975897703814,181972
2026-02-17 10:28:03.367232,5335.126933341759,5379.834007311435,5317.0806278149275,5348.114815647452,437629
2026-02-18 10:28:03.367232,5344.2493525453565,5350.265909404641,5306.245800349121,5336.64915691253,154722
2026-02-19 10:28:03.367232,5286.31310727945,5335.349358951664,5276.031209007087,5298.275759733088,451643
2026-02-20 10:28:03.367232,5377.630246865129,5388.190454816879,5365.735292735467,5376.197139486206,281890
2026-02-21 10:28:03.367232,5249.96922335086,5292.121189541424,5238.6143836608635,5266.102165364991,369045
2026-02-22 10:28:03.367232,5350.909324248984,5367.15860051246,5335.301440623269,5352.8944867986565,217473
2026-02-23 10:28:03.367232,5363.958955381025,5364.063620547142,5330.204794840928,5353.712422225215,370741
2026-02-24 10:28:03.367232,5304.459410130376,5333.217576964646,5271.829118708302,5310.556549160817,491775
2026-02-25 10:28:03.367232,5350.929937688303,5363.184689938438,5322.362409179541,5344.333468708814,426053
2026-02-26 10:28:03.367232,5279.298089212474,5292.060105594813,5232.286042580952,5267.480090780885,434535
2026-02-27 10:28:03.367232,5395.348756983345,5405.577640806204,5362.60542603169,5378.261644204167,315286
2026-02-28 10:28:03.367232,5314.24052645989,5336.16701535494,5294.6810282449205,5324.854843185672,425437
2026-03-01 10:28:03.367232,5305.990782482081,5323.708244703422,5270.707937216541,5310.018145849709,343896
2026-03-02 10:28:03.367232,5376.769988290976,5417.432619651272,5377.616554731571,5390.673347757759,256877
2026-03-03 10:28:03.367232,5324.787422724336,5325.383103233181,5294.838484371185,5305.088082638001,111874
2026-03-04 10:28:03.367232,5289.057957160865,5303.853123070377,5248.970434664915,5271.977918443893,324137
2026-03-05 10:28:03.367232,5268.27640161806,5296.246865864596,5253.899351915297,5266.678116406838,448546
2026-03-06 10:28:03.367232,5390.612408470856,5412.299207585497,5344.479546205513,5376.9310766958,376223
2026-03-07 10:28:03.367232,5285.580379676977,5315.516845386172,5247.305600670638,5284.742060586095,434923
2026-03-08 10:28:03.367232,5443.5910882126345,5461.545593014229,5415.6270315112615,5438.647660692524,195408
2026-03-09 10:28:03.367232,5232.53188201984,5279.155903407032,5231.205555470536,5248.966904735199,220606
2026-03-10 10:28:03.367232,5450.2629566386695,5458.31357504646,5417.020040248599,5440.0521398187975,220062
2026-03-11 10:28:03.367232,5353.064722582051,5387.145588199988,5336.252748701142,5367.956183236642,112100
2026-03-12 10:28:03.367232,5367.797906637194,5388.4247562247165,5344.4835765796815,5354.755201427092,419165
2026-03-13 10:28:03.367232,5345.820645637338,5357.93210762257,5306.855902445982,5334.5395221305225,250872
2026-03-14 10:28:03.367232,5392.295272793572,5417.896895099403,5355.546734337231,5383.945484883852,490270
2026-03-15 10:28:03.367232,5345.7646535944805,5398.990909583538,5335.187590966612,5364.31823837349,294472
2026-03-16 10:28:03.367232,5415.709093779036,5459.310829671062,5406.323297141797,5423.5839595412235,454590
2026-03-17 10:28:03.367232,5366.880743959237,5413.85529823804,5344.93465946146,5376.356241162804,391581
2026-03-18 10:28:03.367232,5374.797999350998,5403.322099667536,5367.650798462184,5380.392543052138,334196
2026-03-19 10:28:03.367232,5340.441253102712,5376.501547781792,5340.957433138154,5356.935543232158,307609
2026-03-20 10:28:03.367232,5391.9914848974395,5401.97913437402,5338.189070576562,5374.513171976197,251014
2026-03-21 10:28:03.367232,5397.152027187375,5416.135110262009,5362.838243037084,5394.99993755888,383006
2026-03-22 10:28:03.367232,5288.576389155069,5324.387641732755,5285.943050108407,5296.3554167287475,373813
2026-03-23 10:28:03.367232,5312.591897780254,5347.880212976597,5299.261349286189,5316.712637097283,483363
2026-03-24 10:28:03.367232,5421.43486304331,5454.198911977881,5407.114566933322,5423.546761423117,284844
2026-03-25 10:28:03.367232,5401.215318182618,5418.428131458797,5379.067355007084,5397.191544848193,378060
2026-03-26 10:28:03.367232,5382.343557262697,5396.7221862057995,5364.28958704644,5381.716380154837,373022
2026-03-27 10:28:03.367232,5410.882243746298,5417.022444971587,5382.230775945435,5394.106564817721,365129
2026-03-28 10:28:03.367232,5412.71334984421,5427.112634850434,5389.066595030072,5412.8348105279765,304720
2026-03-29 10:28:03.367232,5390.425943122052,5407.442533584634,5338.757618285535,5370.7396225291195,141235
2026-03-30 10:28:03.367232,5375.141762039689,5381.46108755202,5332.882811988362,5361.084763729885,381075
