timestamp,src_ip,dst_ip,protocol,length,flags
2026-02-26T10:43:30.406000,198.51.100.8,10.0.0.5,TCP,60,SYN
2026-02-26T10:43:31.334000,198.51.100.44,10.0.0.5,TCP,60,SYN
2026-02-26T10:43:31.652000,198.51.100.56,10.0.0.5,TCP,60,SYN
2026-02-26T10:43:30.988000,198.51.100.72,10.0.0.5,TCP,60,SYN
2026-02-26T10:43:31.262000,198.51.100.88,10.0.0.5,TCP,60,SYN
2026-02-26T10:43:31.648000,198.51.100.41,10.0.0.5,TCP,60,SYN
2026-02-26T10:43:31.584000,198.51.100.8,10.0.0.5,TCP,60,SYN
2026-02-26T10:43:30.068000,198.51.100.92,10.0.0.5,TCP,60,SYN
2026-02-26T10:43:30.060000,198.51.100.86,10.0.0.5,TCP,60,SYN
2026-02-26T10:43:31.212000,198.51.100.76,10.0.0.5,TCP,60,SYN
2026-02-26T10:43:30.896000,198.51.100.94,10.0.0.5,TCP,60,SYN
2026-02-26T10:43:31.468000,198.51.100.99,10.0.0.5,TCP,60,SYN
2026-02-26T10:43:30.464000,198.51.100.92,10.0.0.5,TCP,60,SYN
2026-02-26T10:43:32.060000,198.51.100.47,10.0.0.5,TCP,60,SYN
2026-02-26T10:43:31.338000,198.51.100.50,10.0.0.5,TCP,60,SYN
2026-02-26T10:43:30.278000,198.51.100.28,10.0.0.5,TCP,60,SYN
2026-02-26T10:43:31.526000,198.51.100.24,10.0.0.5,TCP,60,SYN
2026-02-26T10:43:32.080000,198.51.100.57,10.0.0.5,TCP,60,SYN
2026-02-26T10:43:30.628000,198.51.100.96,10.0.0.5,TCP,60,SYN
2026-02-26T10:43:32.040000,198.51.100.99,10.0.0.5,TCP,60,SYN
2026-02-26T10:43:30.646000,198.51.100.36,10.0.0.5,TCP,60,SYN
2026-02-26T10:43:30.120000,198.51.100.23,10.0.0.5,TCP,60,SYN
2026-02-26T10:43:32.058000,198.51.100.62,10.0.0.5,TCP,60,SYN
2026-02-26T10:43:30.736000,198.51.100.45,10.0.0.5,TCP,60,SYN
2026-02-26T10:43:31.156000,198.51.100.95,10.0.0.5,TCP,60,SYN
2026-02-26T10:43:30.006000,198.51.100.97,10.0.0.5,TCP,60,SYN
2026-02-26T10:43:30.706000,198.51.100.77,10.0.0.5,TCP,60,SYN
2026-02-26T10:43:31.490000,198.51.100.38,10.0.0.5,TCP,60,SYN
2026-02-26T10:43:31.904000,198.51.100.78,10.0.0.5,TCP,60,SYN
2026-02-26T10:43:31.128000,198.51.100.6,10.0.0.5,TCP,60,SYN
2026-02-26T10:43:31.844000,198.51.100.89,10.0.0.5,TCP,60,SYN
2026-02-26T10:43:31.646000,198.51.100.88,10.0.0.5,TCP,60,SYN
2026-02-26T10:43:30.482000,198.51.100.36,10.0.0.5,TCP,60,SYN
2026-02-26T10:43:30.334000,198.51.100.52,10.0.0.5,TCP,60,SYN
2026-02-26T10:43:30.282000,198.51.100.79,10.0.0.5,TCP,60,SYN
2026-02-26T10:43:30.910000,198.51.100.32,10.0.0.5,TCP,60,SYN
2026-02-26T10:43:32.064000,198.51.100.28,10.0.0.5,TCP,60,SYN
2026-02-26T10:43:30.844000,198.51.100.24,10.0.0.5,TCP,60,SYN
2026-02-26T10:43:30.790000,198.51.100.54,10.0.0.5,TCP,60,SYN
2026-02-26T10:43:30.696000,198.51.100.96,10.0.0.5,TCP,60,SYN
2026-02-26T10:43:30.986000,198.51.100.1,10.0.0.5,TCP,60,SYN
2026-02-26T10:43:31.312000,198.51.100.13,10.0.0.5,TCP,60,SYN
2026-02-26T10:43:30.162000,198.51.100.67,10.0.0.5,TCP,60,SYN
2026-02-26T10:43:31.790000,198.51.100.91,10.0.0.5,TCP,60,SYN
2026-02-26T10:43:31.948000,198.51.100.10,10.0.0.5,TCP,60,SYN
2026-02-26T10:43:31.928000,198.51.100.17,10.0.0.5,TCP,60,SYN
2026-02-26T10:43:31.316000,198.51.100.27,10.0.0.5,TCP,60,SYN
2026-02-26T10:43:30.980000,198.51.100.20,10.0.0.5,TCP,60,SYN
2026-02-26T10:43:30.014000,198.51.100.13,10.0.0.5,TCP,60,SYN
2026-02-26T10:43:30.752000,198.51.100.96,10.0.0.5,TCP,60,SYN
2026-02-26T10:43:31.654000,198.51.100.27,10.0.0.5,TCP,60,SYN
2026-02-26T10:43:30.568000,198.51.100.98,10.0.0.5,TCP,60,SYN
2026-02-26T10:43:30.902000,198.51.100.82,10.0.0.5,TCP,60,SYN
2026-02-26T10:43:31.720000,198.51.100.16,10.0.0.5,TCP,60,SYN
2026-02-26T10:43:31.828000,198.51.100.18,10.0.0.5,TCP,60,SYN
2026-02-26T10:43:31.846000,198.51.100.32,10.0.0.5,TCP,60,SYN
2026-02-26T10:43:31.606000,198.51.100.63,10.0.0.5,TCP,60,SYN
2026-02-26T10:43:31.082000,198.51.100.70,10.0.0.5,TCP,60,SYN
2026-02-26T10:43:31.876000,198.51.100.76,10.0.0.5,TCP,60,SYN
2026-02-26T10:43:31.070000,198.51.100.45,10.0.0.5,TCP,60,SYN
2026-02-26T10:43:31.050000,198.51.100.61,10.0.0.5,TCP,60,SYN
2026-02-26T10:43:31.858000,198.51.100.56,10.0.0.5,TCP,60,SYN
2026-02-26T10:43:31.096000,198.51.100.20,10.0.0.5,TCP,60,SYN
2026-02-26T10:43:31.496000,198.51.100.44,10.0.0.5,TCP,60,SYN
2026-02-26T10:43:30.114000,198.51.100.61,10.0.0.5,TCP,60,SYN
2026-02-26T10:43:30.890000,198.51.100.95,10.0.0.5,TCP,60,SYN
2026-02-26T10:43:30.136000,198.51.100.46,10.0.0.5,TCP,60,SYN
2026-02-26T10:43:31.216000,198.51.100.10,10.0.0.5,TCP,60,SYN
2026-02-26T10:43:30.252000,198.51.100.88,10.0.0.5,TCP,60,SYN
2026-02-26T10:43:31.062000,198.51.100.79,10.0.0.5,TCP,60,SYN
2026-02-26T10:43:31.356000,198.51.100.36,10.0.0.5,TCP,60,SYN
2026-02-26T10:43:30.922000,198.51.100.7,10.0.0.5,TCP,60,SYN
2026-02-26T10:43:30.968000,198.51.100.43,10.0.0.5,TCP,60,SYN
2026-02-26T10:43:31.348000,198.51.100.98,10.0.0.5,TCP,60,SYN
2026-02-26T10:43:30.990000,198.51.100.50,10.0.0.5,TCP,60,SYN
2026-02-26T10:43:31.546000,198.51.100.54,10.0.0.5,TCP,60,SYN
2026-02-26T10:43:32.028000,198.51.100.90,10.0.0.5,TCP,60,SYN
2026-02-26T10:43:31.194000,198.51.100.34,10.0.0.5,TCP,60,SYN
2026-02-26T10:43:30.388000,198.51.100.16,10.0.0.5,TCP,60,SYN
2026-02-26T10:43:30.328000,198.51.100.97,10.0.0.5,TCP,60,SYN
2026-02-26T10:43:31.796000,198.51.100.32,10.0.0.5,TCP,60,SYN
2026-02-26T10:43:30.208000,198.51.100.82,10.0.0.5,TCP,60,SYN
2026-02-26T10:43:30.174000,198.51.100.4,10.0.0.5,TCP,60,SYN
2026-02-26T10:43:30.682000,198.51.100.77,10.0.0.5,TCP,60,SYN
2026-02-26T10:43:31.176000,198.51.100.68,10.0.0.5,TCP,60,SYN
2026-02-26T10:43:32.032000,198.51.100.4,10.0.0.5,TCP,60,SYN
2026-02-26T10:43:31.866000,198.51.100.61,10.0.0.5,TCP,60,SYN
2026-02-26T10:43:30.230000,198.51.100.39,10.0.0.5,TCP,60,SYN
2026-02-26T10:43:32.110000,198.51.100.19,10.0.0.5,TCP,60,SYN
2026-02-26T10:43:30.426000,198.51.100.42,10.0.0.5,TCP,60,SYN
2026-02-26T10:43:31.540000,198.51.100.89,10.0.0.5,TCP,60,SYN
2026-02-26T10:43:31.886000,198.51.100.9,10.0.0.5,TCP,60,SYN
2026-02-26T10:43:31.148000,198.51.100.4,10.0.0.5,TCP,60,SYN
2026-02-26T10:43:31.558000,198.51.100.94,10.0.0.5,TCP,60,SYN
2026-02-26T10:43:30.070000,198.51.100.43,10.0.0.5,TCP,60,SYN
2026-02-26T10:43:30.912000,198.51.100.17,10.0.0.5,TCP,60,SYN
2026-02-26T10:43:32.018000,198.51.100.56,10.0.0.5,TCP,60,SYN
2026-02-26T10:43:31.318000,198.51.100.6,10.0.0.5,TCP,60,SYN
2026-02-26T10:43:30.684000,198.51.100.24,10.0.0.5,TCP,60,SYN
2026-02-26T10:43:30.500000,198.51.100.46,10.0.0.5,TCP,60,SYN
2026-02-26T10:43:31.400000,198.51.100.59,10.0.0.5,TCP,60,SYN
2026-02-26T10:43:31.256000,198.51.100.5,10.0.0.5,TCP,60,SYN
2026-02-26T10:43:30.700000,198.51.100.34,10.0.0.5,TCP,60,SYN
2026-02-26T10:43:31.310000,198.51.100.52,10.0.0.5,TCP,60,SYN
2026-02-26T10:43:30.288000,198.51.100.78,10.0.0.5,TCP,60,SYN
2026-02-26T10:43:30.826000,198.51.100.13,10.0.0.5,TCP,60,SYN
2026-02-26T10:43:30.994000,198.51.100.85,10.0.0.5,TCP,60,SYN
2026-02-26T10:43:31.698000,198.51.100.43,10.0.0.5,TCP,60,SYN
2026-02-26T10:43:32.112000,198.51.100.96,10.0.0.5,TCP,60,SYN
2026-02-26T10:43:31.666000,198.51.100.77,10.0.0.5,TCP,60,SYN
2026-02-26T10:43:32.062000,198.51.100.14,10.0.0.5,TCP,60,SYN
2026-02-26T10:43:31.738000,198.51.100.47,10.0.0.5,TCP,60,SYN
2026-02-26T10:43:31.240000,198.51.100.83,10.0.0.5,TCP,60,SYN
2026-02-26T10:43:30.518000,198.51.100.56,10.0.0.5,TCP,60,SYN
2026-02-26T10:43:31.390000,198.51.100.77,10.0.0.5,TCP,60,SYN
2026-02-26T10:43:31.110000,198.51.100.90,10.0.0.5,TCP,60,SYN
2026-02-26T10:43:30.290000,198.51.100.88,10.0.0.5,TCP,60,SYN
2026-02-26T10:43:30.636000,198.51.100.40,10.0.0.5,TCP,60,SYN
2026-02-26T10:43:30.710000,198.51.100.82,10.0.0.5,TCP,60,SYN
2026-02-26T10:43:30.720000,198.51.100.39,10.0.0.5,TCP,60,SYN
2026-02-26T10:43:30.038000,198.51.100.23,10.0.0.5,TCP,60,SYN
2026-02-26T10:43:30.298000,198.51.100.58,10.0.0.5,TCP,60,SYN
2026-02-26T10:43:31.430000,198.51.100.27,10.0.0.5,TCP,60,SYN
2026-02-26T10:43:30.472000,198.51.100.14,10.0.0.5,TCP,60,SYN
2026-02-26T10:43:31.098000,198.51.100.55,10.0.0.5,TCP,60,SYN
2026-02-26T10:43:30.554000,198.51.100.30,10.0.0.5,TCP,60,SYN
2026-02-26T10:43:31.364000,198.51.100.34,10.0.0.5,TCP,60,SYN
2026-02-26T10:43:30.340000,198.51.100.28,10.0.0.5,TCP,60,SYN
2026-02-26T10:43:30.092000,198.51.100.16,10.0.0.5,TCP,60,SYN
2026-02-26T10:43:30.932000,198.51.100.86,10.0.0.5,TCP,60,SYN
2026-02-26T10:43:30.960000,198.51.100.21,10.0.0.5,TCP,60,SYN
2026-02-26T10:43:30,198.51.100.71,10.0.0.5,TCP,60,SYN
2026-02-26T10:43:32.074000,198.51.100.72,10.0.0.5,TCP,60,SYN
2026-02-26T10:43:30.672000,198.51.100.25,10.0.0.5,TCP,60,SYN
2026-02-26T10:43:30.728000,198.51.100.77,10.0.0.5,TCP,60,SYN
2026-02-26T10:43:31.792000,198.51.100.49,10.0.0.5,TCP,60,SYN
2026-02-26T10:43:31.244000,198.51.100.86,10.0.0.5,TCP,60,SYN
2026-02-26T10:43:31.018000,198.51.100.82,10.0.0.5,TCP,60,SYN
2026-02-26T10:43:30.846000,198.51.100.11,10.0.0.5,TCP,60,SYN
2026-02-26T10:43:31.094000,198.51.100.94,10.0.0.5,TCP,60,SYN
2026-02-26T10:43:30.202000,198.51.100.59,10.0.0.5,TCP,60,SYN
2026-02-26T10:43:31.924000,198.51.100.95,10.0.0.5,TCP,60,SYN
2026-02-26T10:43:30.964000,198.51.100.12,10.0.0.5,TCP,60,SYN
2026-02-26T10:43:30.926000,198.51.100.33,10.0.0.5,TCP,60,SYN
2026-02-26T10:43:31.532000,198.51.100.97,10.0.0.5,TCP,60,SYN
2026-02-26T10:43:30.436000,198.51.100.93,10.0.0.5,TCP,60,SYN
2026-02-26T10:43:32.026000,198.51.100.65,10.0.0.5,TCP,60,SYN
2026-02-26T10:43:30.108000,198.51.100.46,10.0.0.5,TCP,60,SYN
2026-02-26T10:43:30.104000,198.51.100.71,10.0.0.5,TCP,60,SYN
2026-02-26T10:43:31.374000,198.51.100.20,10.0.0.5,TCP,60,SYN
2026-02-26T10:43:30.418000,198.51.100.91,10.0.0.5,TCP,60,SYN
2026-02-26T10:43:31.248000,198.51.100.69,10.0.0.5,TCP,60,SYN
2026-02-26T10:43:30.440000,198.51.100.10,10.0.0.5,TCP,60,SYN
2026-02-26T10:43:30.090000,198.51.100.18,10.0.0.5,TCP,60,SYN
2026-02-26T10:43:30.402000,198.51.100.65,10.0.0.5,TCP,60,SYN
2026-02-26T10:43:31.618000,198.51.100.91,10.0.0.5,TCP,60,SYN
2026-02-26T10:43:31.180000,198.51.100.51,10.0.0.5,TCP,60,SYN
2026-02-26T10:43:31.560000,198.51.100.90,10.0.0.5,TCP,60,SYN
2026-02-26T10:43:30.528000,198.51.100.60,10.0.0.5,TCP,60,SYN
2026-02-26T10:43:31.104000,198.51.100.14,10.0.0.5,TCP,60,SYN
2026-02-26T10:43:30.860000,198.51.100.15,10.0.0.5,TCP,60,SYN
2026-02-26T10:43:30.444000,198.51.100.36,10.0.0.5,TCP,60,SYN
2026-02-26T10:43:31.504000,198.51.100.64,10.0.0.5,TCP,60,SYN
2026-02-26T10:43:31.164000,198.51.100.45,10.0.0.5,TCP,60,SYN
2026-02-26T10:43:31.296000,198.51.100.18,10.0.0.5,TCP,60,SYN
2026-02-26T10:43:31.260000,198.51.100.35,10.0.0.5,TCP,60,SYN
2026-02-26T10:43:31.380000,198.51.100.19,10.0.0.5,TCP,60,SYN
2026-02-26T10:43:31.268000,198.51.100.14,10.0.0.5,TCP,60,SYN
2026-02-26T10:43:30.470000,198.51.100.37,10.0.0.5,TCP,60,SYN
2026-02-26T10:43:31.898000,198.51.100.47,10.0.0.5,TCP,60,SYN
2026-02-26T10:43:31.912000,198.51.100.93,10.0.0.5,TCP,60,SYN
2026-02-26T10:43:31.224000,198.51.100.40,10.0.0.5,TCP,60,SYN
2026-02-26T10:43:31.442000,198.51.100.90,10.0.0.5,TCP,60,SYN
2026-02-26T10:43:30.850000,198.51.100.40,10.0.0.5,TCP,60,SYN
2026-02-26T10:43:31.902000,198.51.100.64,10.0.0.5,TCP,60,SYN
2026-02-26T10:43:30.832000,198.51.100.16,10.0.0.5,TCP,60,SYN
2026-02-26T10:43:30.576000,198.51.100.36,10.0.0.5,TCP,60,SYN
2026-02-26T10:43:30.882000,198.51.100.8,10.0.0.5,TCP,60,SYN
2026-02-26T10:43:32.102000,198.51.100.61,10.0.0.5,TCP,60,SYN
2026-02-26T10:43:31.776000,198.51.100.80,10.0.0.5,TCP,60,SYN
2026-02-26T10:43:30.738000,198.51.100.95,10.0.0.5,TCP,60,SYN
2026-02-26T10:43:31.208000,198.51.100.99,10.0.0.5,TCP,60,SYN
2026-02-26T10:43:30.702000,198.51.100.4,10.0.0.5,TCP,60,SYN
2026-02-26T10:43:30.350000,198.51.100.27,10.0.0.5,TCP,60,SYN
2026-02-26T10:43:31.120000,198.51.100.81,10.0.0.5,TCP,60,SYN
2026-02-26T10:43:30.494000,198.51.100.11,10.0.0.5,TCP,60,SYN
2026-02-26T10:43:31.892000,198.51.100.43,10.0.0.5,TCP,60,SYN
2026-02-26T10:43:31.516000,198.51.100.48,10.0.0.5,TCP,60,SYN
2026-02-26T10:43:31.762000,198.51.100.36,10.0.0.5,TCP,60,SYN
2026-02-26T10:43:30.594000,198.51.100.12,10.0.0.5,TCP,60,SYN
2026-02-26T10:43:30.802000,198.51.100.58,10.0.0.5,TCP,60,SYN
2026-02-26T10:43:30.716000,198.51.100.46,10.0.0.5,TCP,60,SYN
2026-02-26T10:43:30.692000,198.51.100.87,10.0.0.5,TCP,60,SYN
2026-02-26T10:43:31.274000,198.51.100.81,10.0.0.5,TCP,60,SYN
2026-02-26T10:43:30.558000,198.51.100.35,10.0.0.5,TCP,60,SYN
2026-02-26T10:43:30.124000,198.51.100.96,10.0.0.5,TCP,60,SYN
2026-02-26T10:43:30.630000,198.51.100.28,10.0.0.5,TCP,60,SYN
2026-02-26T10:43:30.698000,198.51.100.65,10.0.0.5,TCP,60,SYN
2026-02-26T10:43:32.096000,198.51.100.45,10.0.0.5,TCP,60,SYN
2026-02-26T10:43:32.044000,198.51.100.92,10.0.0.5,TCP,60,SYN
2026-02-26T10:43:32.012000,198.51.100.7,10.0.0.5,TCP,60,SYN
2026-02-26T10:43:31.626000,198.51.100.13,10.0.0.5,TCP,60,SYN
2026-02-26T10:43:31.764000,198.51.100.61,10.0.0.5,TCP,60,SYN
2026-02-26T10:43:30.084000,198.51.100.68,10.0.0.5,TCP,60,SYN
2026-02-26T10:43:31.056000,198.51.100.84,10.0.0.5,TCP,60,SYN
2026-02-26T10:43:30.280000,198.51.100.93,10.0.0.5,TCP,60,SYN
2026-02-26T10:43:30.610000,198.51.100.50,10.0.0.5,TCP,60,SYN
2026-02-26T10:43:30.224000,198.51.100.37,10.0.0.5,TCP,60,SYN
2026-02-26T10:43:30.206000,198.51.100.74,10.0.0.5,TCP,60,SYN
2026-02-26T10:43:31.874000,198.51.100.28,10.0.0.5,TCP,60,SYN
2026-02-26T10:43:30.952000,198.51.100.76,10.0.0.5,TCP,60,SYN
2026-02-26T10:43:30.168000,198.51.100.68,10.0.0.5,TCP,60,SYN
2026-02-26T10:43:30.430000,198.51.100.8,10.0.0.5,TCP,60,SYN
2026-02-26T10:43:30.602000,198.51.100.24,10.0.0.5,TCP,60,SYN
2026-02-26T10:43:30.742000,198.51.100.74,10.0.0.5,TCP,60,SYN
2026-02-26T10:43:30.848000,198.51.100.83,10.0.0.5,TCP,60,SYN
2026-02-26T10:43:31.494000,198.51.100.99,10.0.0.5,TCP,60,SYN
2026-02-26T10:43:31.360000,198.51.100.65,10.0.0.5,TCP,60,SYN
2026-02-26T10:43:31.126000,198.51.100.15,10.0.0.5,TCP,60,SYN
2026-02-26T10:43:30.134000,198.51.100.23,10.0.0.5,TCP,60,SYN
2026-02-26T10:43:30.726000,198.51.100.47,10.0.0.5,TCP,60,SYN
2026-02-26T10:43:32.070000,198.51.100.25,10.0.0.5,TCP,60,SYN
2026-02-26T10:43:31.278000,198.51.100.43,10.0.0.5,TCP,60,SYN
2026-02-26T10:43:32.124000,198.51.100.32,10.0.0.5,TCP,60,SYN
2026-02-26T10:43:31.440000,198.51.100.23,10.0.0.5,TCP,60,SYN
2026-02-26T10:43:32.002000,198.51.100.72,10.0.0.5,TCP,60,SYN
2026-02-26T10:43:31.578000,198.51.100.30,10.0.0.5,TCP,60,SYN
2026-02-26T10:43:31.024000,198.51.100.99,10.0.0.5,TCP,60,SYN
2026-02-26T10:43:30.198000,198.51.100.47,10.0.0.5,TCP,60,SYN
2026-02-26T10:43:30.768000,198.51.100.13,10.0.0.5,TCP,60,SYN
2026-02-26T10:43:31.286000,198.51.100.44,10.0.0.5,TCP,60,SYN
2026-02-26T10:43:31.190000,198.51.100.2,10.0.0.5,TCP,60,SYN
2026-02-26T10:43:30.420000,198.51.100.32,10.0.0.5,TCP,60,SYN
2026-02-26T10:43:30.412000,198.51.100.70,10.0.0.5,TCP,60,SYN
2026-02-26T10:43:30.676000,198.51.100.51,10.0.0.5,TCP,60,SYN
2026-02-26T10:43:30.562000,198.51.100.89,10.0.0.5,TCP,60,SYN
2026-02-26T10:43:31.944000,198.51.100.60,10.0.0.5,TCP,60,SYN
2026-02-26T10:43:31.804000,198.51.100.83,10.0.0.5,TCP,60,SYN
2026-02-26T10:43:30.432000,198.51.100.63,10.0.0.5,TCP,60,SYN
2026-02-26T10:43:30.362000,198.51.100.21,10.0.0.5,TCP,60,SYN
2026-02-26T10:43:31.662000,198.51.100.67,10.0.0.5,TCP,60,SYN
2026-02-26T10:43:30.126000,198.51.100.3,10.0.0.5,TCP,60,SYN
2026-02-26T10:43:31.918000,198.51.100.78,10.0.0.5,TCP,60,SYN
2026-02-26T10:43:30.212000,198.51.100.85,10.0.0.5,TCP,60,SYN
2026-02-26T10:43:31.276000,198.51.100.88,10.0.0.5,TCP,60,SYN
2026-02-26T10:43:31.184000,198.51.100.66,10.0.0.5,TCP,60,SYN
2026-02-26T10:43:31.878000,198.51.100.94,10.0.0.5,TCP,60,SYN
2026-02-26T10:43:31.712000,198.51.100.8,10.0.0.5,TCP,60,SYN
2026-02-26T10:43:31.220000,198.51.100.76,10.0.0.5,TCP,60,SYN
2026-02-26T10:43:31.820000,198.51.100.97,10.0.0.5,TCP,60,SYN
2026-02-26T10:43:30.972000,198.51.100.64,10.0.0.5,TCP,60,SYN
2026-02-26T10:43:30.822000,198.51.100.71,10.0.0.5,TCP,60,SYN
2026-02-26T10:43:30.238000,198.51.100.71,10.0.0.5,TCP,60,SYN
2026-02-26T10:43:30.498000,198.51.100.67,10.0.0.5,TCP,60,SYN
2026-02-26T10:43:31.512000,198.51.100.8,10.0.0.5,TCP,60,SYN
2026-02-26T10:43:30.616000,198.51.100.62,10.0.0.5,TCP,60,SYN
2026-02-26T10:43:31.896000,198.51.100.98,10.0.0.5,TCP,60,SYN
2026-02-26T10:43:31.970000,198.51.100.15,10.0.0.5,TCP,60,SYN
2026-02-26T10:43:31.938000,198.51.100.9,10.0.0.5,TCP,60,SYN
2026-02-26T10:43:31.906000,198.51.100.16,10.0.0.5,TCP,60,SYN
2026-02-26T10:43:32.082000,198.51.100.83,10.0.0.5,TCP,60,SYN
2026-02-26T10:43:31.760000,198.51.100.54,10.0.0.5,TCP,60,SYN
2026-02-26T10:43:31.282000,198.51.100.68,10.0.0.5,TCP,60,SYN
2026-02-26T10:43:31.916000,198.51.100.12,10.0.0.5,TCP,60,SYN
2026-02-26T10:43:30.978000,198.51.100.59,10.0.0.5,TCP,60,SYN
2026-02-26T10:43:30.176000,198.51.100.52,10.0.0.5,TCP,60,SYN
2026-02-26T10:43:30.578000,198.51.100.53,10.0.0.5,TCP,60,SYN
2026-02-26T10:43:31.330000,198.51.100.51,10.0.0.5,TCP,60,SYN
2026-02-26T10:43:30.306000,198.51.100.73,10.0.0.5,TCP,60,SYN
2026-02-26T10:43:32.122000,198.51.100.97,10.0.0.5,TCP,60,SYN
2026-02-26T10:43:32.130000,198.51.100.32,10.0.0.5,TCP,60,SYN
2026-02-26T10:43:30.404000,198.51.100.12,10.0.0.5,TCP,60,SYN
2026-02-26T10:43:31.172000,198.51.100.93,10.0.0.5,TCP,60,SYN
2026-02-26T10:43:30.460000,198.51.100.78,10.0.0.5,TCP,60,SYN
2026-02-26T10:43:30.376000,198.51.100.39,10.0.0.5,TCP,60,SYN
2026-02-26T10:43:30.148000,198.51.100.24,10.0.0.5,TCP,60,SYN
2026-02-26T10:43:30.868000,198.51.100.96,10.0.0.5,TCP,60,SYN
2026-02-26T10:43:31.536000,198.51.100.66,10.0.0.5,TCP,60,SYN
2026-02-26T10:43:30.950000,198.51.100.53,10.0.0.5,TCP,60,SYN
2026-02-26T10:43:30.398000,198.51.100.36,10.0.0.5,TCP,60,SYN
2026-02-26T10:43:30.020000,198.51.100.82,10.0.0.5,TCP,60,SYN
2026-02-26T10:43:30.156000,198.51.100.66,10.0.0.5,TCP,60,SYN
2026-02-26T10:43:30.242000,198.51.100.41,10.0.0.5,TCP,60,SYN
2026-02-26T10:43:30.656000,198.51.100.7,10.0.0.5,TCP,60,SYN
2026-02-26T10:43:30.962000,198.51.100.67,10.0.0.5,TCP,60,SYN
2026-02-26T10:43:31.870000,198.51.100.13,10.0.0.5,TCP,60,SYN
2026-02-26T10:43:31.226000,198.51.100.47,10.0.0.5,TCP,60,SYN
2026-02-26T10:43:31.570000,198.51.100.95,10.0.0.5,TCP,60,SYN
2026-02-26T10:43:32.036000,198.51.100.14,10.0.0.5,TCP,60,SYN
2026-02-26T10:43:30.074000,198.51.100.65,10.0.0.5,TCP,60,SYN
2026-02-26T10:43:30.392000,198.51.100.60,10.0.0.5,TCP,60,SYN
2026-02-26T10:43:31.234000,198.51.100.6,10.0.0.5,TCP,60,SYN
2026-02-26T10:43:30.530000,198.51.100.79,10.0.0.5,TCP,60,SYN
2026-02-26T10:43:31.366000,198.51.100.66,10.0.0.5,TCP,60,SYN
2026-02-26T10:43:30.302000,198.51.100.32,10.0.0.5,TCP,60,SYN
2026-02-26T10:43:30.308000,198.51.100.2,10.0.0.5,TCP,60,SYN
2026-02-26T10:43:30.478000,198.51.100.49,10.0.0.5,TCP,60,SYN
2026-02-26T10:43:30.216000,198.51.100.44,10.0.0.5,TCP,60,SYN
2026-02-26T10:43:31.460000,198.51.100.59,10.0.0.5,TCP,60,SYN
2026-02-26T10:43:32.006000,198.51.100.14,10.0.0.5,TCP,60,SYN
2026-02-26T10:43:31.332000,198.51.100.97,10.0.0.5,TCP,60,SYN
2026-02-26T10:43:31.144000,198.51.100.30,10.0.0.5,TCP,60,SYN
2026-02-26T10:43:31.708000,198.51.100.46,10.0.0.5,TCP,60,SYN
2026-02-26T10:43:32.092000,198.51.100.59,10.0.0.5,TCP,60,SYN
2026-02-26T10:43:30.300000,198.51.100.83,10.0.0.5,TCP,60,SYN
2026-02-26T10:43:30.164000,198.51.100.59,10.0.0.5,TCP,60,SYN
2026-02-26T10:43:31.202000,198.51.100.54,10.0.0.5,TCP,60,SYN
2026-02-26T10:43:30.152000,198.51.100.10,10.0.0.5,TCP,60,SYN
2026-02-26T10:43:30.982000,198.51.100.28,10.0.0.5,TCP,60,SYN
2026-02-26T10:43:30.764000,198.51.100.58,10.0.0.5,TCP,60,SYN
2026-02-26T10:43:30.824000,198.51.100.10,10.0.0.5,TCP,60,SYN
2026-02-26T10:43:31.294000,198.51.100.50,10.0.0.5,TCP,60,SYN
2026-02-26T10:43:30.522000,198.51.100.99,10.0.0.5,TCP,60,SYN
2026-02-26T10:43:31.086000,198.51.100.99,10.0.0.5,TCP,60,SYN
2026-02-26T10:43:30.958000,198.51.100.93,10.0.0.5,TCP,60,SYN
2026-02-26T10:43:31.002000,198.51.100.53,10.0.0.5,TCP,60,SYN
2026-02-26T10:43:31.566000,198.51.100.39,10.0.0.5,TCP,60,SYN
2026-02-26T10:43:32.068000,198.51.100.38,10.0.0.5,TCP,60,SYN
2026-02-26T10:43:31.030000,198.51.100.38,10.0.0.5,TCP,60,SYN
2026-02-26T10:43:32.076000,198.51.100.3,10.0.0.5,TCP,60,SYN
2026-02-26T10:43:32.114000,198.51.100.64,10.0.0.5,TCP,60,SYN
2026-02-26T10:43:30.364000,198.51.100.43,10.0.0.5,TCP,60,SYN
2026-02-26T10:43:30.808000,198.51.100.38,10.0.0.5,TCP,60,SYN
2026-02-26T10:43:31.026000,198.51.100.48,10.0.0.5,TCP,60,SYN
2026-02-26T10:43:31.480000,198.51.100.40,10.0.0.5,TCP,60,SYN
2026-02-26T10:43:30.480000,198.51.100.82,10.0.0.5,TCP,60,SYN
2026-02-26T10:43:32.066000,198.51.100.40,10.0.0.5,TCP,60,SYN
2026-02-26T10:43:31.930000,198.51.100.71,10.0.0.5,TCP,60,SYN
2026-02-26T10:43:30.468000,198.51.100.42,10.0.0.5,TCP,60,SYN
2026-02-26T10:43:31.588000,198.51.100.63,10.0.0.5,TCP,60,SYN
2026-02-26T10:43:31.604000,198.51.100.29,10.0.0.5,TCP,60,SYN
2026-02-26T10:43:30.450000,198.51.100.73,10.0.0.5,TCP,60,SYN
2026-02-26T10:43:30.820000,198.51.100.26,10.0.0.5,TCP,60,SYN
2026-02-26T10:43:31.952000,198.51.100.94,10.0.0.5,TCP,60,SYN
2026-02-26T10:43:30.296000,198.51.100.14,10.0.0.5,TCP,60,SYN
2026-02-26T10:43:31.464000,198.51.100.68,10.0.0.5,TCP,60,SYN
2026-02-26T10:43:30.064000,198.51.100.53,10.0.0.5,TCP,60,SYN
2026-02-26T10:43:30.400000,198.51.100.69,10.0.0.5,TCP,60,SYN
2026-02-26T10:43:31.650000,198.51.100.84,10.0.0.5,TCP,60,SYN
2026-02-26T10:43:30.774000,198.51.100.90,10.0.0.5,TCP,60,SYN
2026-02-26T10:43:32.106000,198.51.100.56,10.0.0.5,TCP,60,SYN
2026-02-26T10:43:30.166000,198.51.100.51,10.0.0.5,TCP,60,SYN
2026-02-26T10:43:32.132000,198.51.100.42,10.0.0.5,TCP,60,SYN
2026-02-26T10:43:31.472000,198.51.100.41,10.0.0.5,TCP,60,SYN
2026-02-26T10:43:30.158000,198.51.100.88,10.0.0.5,TCP,60,SYN
2026-02-26T10:43:31.832000,198.51.100.7,10.0.0.5,TCP,60,SYN
2026-02-26T10:43:31.238000,198.51.100.79,10.0.0.5,TCP,60,SYN
2026-02-26T10:43:30.342000,198.51.100.48,10.0.0.5,TCP,60,SYN
2026-02-26T10:43:30.690000,198.51.100.48,10.0.0.5,TCP,60,SYN
2026-02-26T10:43:30.052000,198.51.100.25,10.0.0.5,TCP,60,SYN
2026-02-26T10:43:31.766000,198.51.100.66,10.0.0.5,TCP,60,SYN
2026-02-26T10:43:31.838000,198.51.100.11,10.0.0.5,TCP,60,SYN
2026-02-26T10:43:31.362000,198.51.100.68,10.0.0.5,TCP,60,SYN
2026-02-26T10:43:30.732000,198.51.100.81,10.0.0.5,TCP,60,SYN
2026-02-26T10:43:30.026000,198.51.100.26,10.0.0.5,TCP,60,SYN
2026-02-26T10:43:31.754000,198.51.100.31,10.0.0.5,TCP,60,SYN
2026-02-26T10:43:30.016000,198.51.100.34,10.0.0.5,TCP,60,SYN
2026-02-26T10:43:30.892000,198.51.100.35,10.0.0.5,TCP,60,SYN
2026-02-26T10:43:31.340000,198.51.100.71,10.0.0.5,TCP,60,SYN
2026-02-26T10:43:30.274000,198.51.100.1,10.0.0.5,TCP,60,SYN
2026-02-26T10:43:31.836000,198.51.100.44,10.0.0.5,TCP,60,SYN
2026-02-26T10:43:30.044000,198.51.100.80,10.0.0.5,TCP,60,SYN
2026-02-26T10:43:31.522000,198.51.100.94,10.0.0.5,TCP,60,SYN
2026-02-26T10:43:30.686000,198.51.100.3,10.0.0.5,TCP,60,SYN
2026-02-26T10:43:30.654000,198.51.100.12,10.0.0.5,TCP,60,SYN
2026-02-26T10:43:30.170000,198.51.100.64,10.0.0.5,TCP,60,SYN
2026-02-26T10:43:30.970000,198.51.100.88,10.0.0.5,TCP,60,SYN
2026-02-26T10:43:31.232000,198.51.100.8,10.0.0.5,TCP,60,SYN
2026-02-26T10:43:31.914000,198.51.100.69,10.0.0.5,TCP,60,SYN
2026-02-26T10:43:30.410000,198.51.100.94,10.0.0.5,TCP,60,SYN
2026-02-26T10:43:31.478000,198.51.100.77,10.0.0.5,TCP,60,SYN
2026-02-26T10:43:30.556000,198.51.100.27,10.0.0.5,TCP,60,SYN
2026-02-26T10:43:31.204000,198.51.100.85,10.0.0.5,TCP,60,SYN
2026-02-26T10:43:31.620000,198.51.100.65,10.0.0.5,TCP,60,SYN
2026-02-26T10:43:30.034000,198.51.100.12,10.0.0.5,TCP,60,SYN
2026-02-26T10:43:32.100000,198.51.100.79,10.0.0.5,TCP,60,SYN
2026-02-26T10:43:31.990000,198.51.100.76,10.0.0.5,TCP,60,SYN
2026-02-26T10:43:32.078000,198.51.100.35,10.0.0.5,TCP,60,SYN
2026-02-26T10:43:31.032000,198.51.100.18,10.0.0.5,TCP,60,SYN
2026-02-26T10:43:31.048000,198.51.100.23,10.0.0.5,TCP,60,SYN
2026-02-26T10:43:31.746000,198.51.100.67,10.0.0.5,TCP,60,SYN
2026-02-26T10:43:31.996000,198.51.100.21,10.0.0.5,TCP,60,SYN
2026-02-26T10:43:30.264000,198.51.100.42,10.0.0.5,TCP,60,SYN
2026-02-26T10:43:30.946000,198.51.100.76,10.0.0.5,TCP,60,SYN
2026-02-26T10:43:30.276000,198.51.100.13,10.0.0.5,TCP,60,SYN
2026-02-26T10:43:30.904000,198.51.100.65,10.0.0.5,TCP,60,SYN
2026-02-26T10:43:30.874000,198.51.100.11,10.0.0.5,TCP,60,SYN
2026-02-26T10:43:31.418000,198.51.100.6,10.0.0.5,TCP,60,SYN
2026-02-26T10:43:31.170000,198.51.100.74,10.0.0.5,TCP,60,SYN
2026-02-26T10:43:31.386000,198.51.100.14,10.0.0.5,TCP,60,SYN
2026-02-26T10:43:31.214000,198.51.100.90,10.0.0.5,TCP,60,SYN
2026-02-26T10:43:32.020000,198.51.100.27,10.0.0.5,TCP,60,SYN
2026-02-26T10:43:30.474000,198.51.100.31,10.0.0.5,TCP,60,SYN
2026-02-26T10:43:31.074000,198.51.100.74,10.0.0.5,TCP,60,SYN
2026-02-26T10:43:30.916000,198.51.100.30,10.0.0.5,TCP,60,SYN
2026-02-26T10:43:31.910000,198.51.100.96,10.0.0.5,TCP,60,SYN
2026-02-26T10:43:30.446000,198.51.100.84,10.0.0.5,TCP,60,SYN
2026-02-26T10:43:31.326000,198.51.100.58,10.0.0.5,TCP,60,SYN
2026-02-26T10:43:32.014000,198.51.100.91,10.0.0.5,TCP,60,SYN
2026-02-26T10:43:30.590000,198.51.100.31,10.0.0.5,TCP,60,SYN
2026-02-26T10:43:31.142000,198.51.100.71,10.0.0.5,TCP,60,SYN
2026-02-26T10:43:31.786000,198.51.100.56,10.0.0.5,TCP,60,SYN
2026-02-26T10:43:30.544000,198.51.100.75,10.0.0.5,TCP,60,SYN
2026-02-26T10:43:31.664000,198.51.100.81,10.0.0.5,TCP,60,SYN
2026-02-26T10:43:31.476000,198.51.100.64,10.0.0.5,TCP,60,SYN
2026-02-26T10:43:30.956000,198.51.100.46,10.0.0.5,TCP,60,SYN
2026-02-26T10:43:30.588000,198.51.100.44,10.0.0.5,TCP,60,SYN
2026-02-26T10:43:30.490000,198.51.100.89,10.0.0.5,TCP,60,SYN
2026-02-26T10:43:30.122000,198.51.100.98,10.0.0.5,TCP,60,SYN
2026-02-26T10:43:31.402000,198.51.100.58,10.0.0.5,TCP,60,SYN
2026-02-26T10:43:31.958000,198.51.100.78,10.0.0.5,TCP,60,SYN
2026-02-26T10:43:30.492000,198.51.100.20,10.0.0.5,TCP,60,SYN
2026-02-26T10:43:30.192000,198.51.100.76,10.0.0.5,TCP,60,SYN
2026-02-26T10:43:30.836000,198.51.100.59,10.0.0.5,TCP,60,SYN
2026-02-26T10:43:31.406000,198.51.100.39,10.0.0.5,TCP,60,SYN
2026-02-26T10:43:30.442000,198.51.100.93,10.0.0.5,TCP,60,SYN
2026-02-26T10:43:30.332000,198.51.100.46,10.0.0.5,TCP,60,SYN
2026-02-26T10:43:30.856000,198.51.100.90,10.0.0.5,TCP,60,SYN
2026-02-26T10:43:31.694000,198.51.100.77,10.0.0.5,TCP,60,SYN
2026-02-26T10:43:30.438000,198.51.100.54,10.0.0.5,TCP,60,SYN
2026-02-26T10:43:32.084000,198.51.100.9,10.0.0.5,TCP,60,SYN
2026-02-26T10:43:31.598000,198.51.100.94,10.0.0.5,TCP,60,SYN
2026-02-26T10:43:30.196000,198.51.100.18,10.0.0.5,TCP,60,SYN
2026-02-26T10:43:30.190000,198.51.100.51,10.0.0.5,TCP,60,SYN
2026-02-26T10:43:30.786000,198.51.100.11,10.0.0.5,TCP,60,SYN
2026-02-26T10:43:30.344000,198.51.100.13,10.0.0.5,TCP,60,SYN
2026-02-26T10:43:30.546000,198.51.100.88,10.0.0.5,TCP,60,SYN
2026-02-26T10:43:31.988000,198.51.100.82,10.0.0.5,TCP,60,SYN
2026-02-26T10:43:30.416000,198.51.100.83,10.0.0.5,TCP,60,SYN
2026-02-26T10:43:30.048000,198.51.100.24,10.0.0.5,TCP,60,SYN
2026-02-26T10:43:31.624000,198.51.100.18,10.0.0.5,TCP,60,SYN
2026-02-26T10:43:30.580000,198.51.100.72,10.0.0.5,TCP,60,SYN
2026-02-26T10:43:31.352000,198.51.100.39,10.0.0.5,TCP,60,SYN
2026-02-26T10:43:31.250000,198.51.100.81,10.0.0.5,TCP,60,SYN
2026-02-26T10:43:30.542000,198.51.100.5,10.0.0.5,TCP,60,SYN
2026-02-26T10:43:32.088000,198.51.100.41,10.0.0.5,TCP,60,SYN
2026-02-26T10:43:32.052000,198.51.100.58,10.0.0.5,TCP,60,SYN
2026-02-26T10:43:31.794000,198.51.100.58,10.0.0.5,TCP,60,SYN
2026-02-26T10:43:31.166000,198.51.100.50,10.0.0.5,TCP,60,SYN
2026-02-26T10:43:30.842000,198.51.100.33,10.0.0.5,TCP,60,SYN
2026-02-26T10:43:30.992000,198.51.100.89,10.0.0.5,TCP,60,SYN
2026-02-26T10:43:31.394000,198.51.100.37,10.0.0.5,TCP,60,SYN
2026-02-26T10:43:31.922000,198.51.100.54,10.0.0.5,TCP,60,SYN
2026-02-26T10:43:30.502000,198.51.100.45,10.0.0.5,TCP,60,SYN
2026-02-26T10:43:31.710000,198.51.100.36,10.0.0.5,TCP,60,SYN
2026-02-26T10:43:31.200000,198.51.100.93,10.0.0.5,TCP,60,SYN
2026-02-26T10:43:30.182000,198.51.100.41,10.0.0.5,TCP,60,SYN
2026-02-26T10:43:30.624000,198.51.100.36,10.0.0.5,TCP,60,SYN
2026-02-26T10:43:31.434000,198.51.100.46,10.0.0.5,TCP,60,SYN
2026-02-26T10:43:30.688000,198.51.100.58,10.0.0.5,TCP,60,SYN
2026-02-26T10:43:30.172000,198.51.100.60,10.0.0.5,TCP,60,SYN
2026-02-26T10:43:30.384000,198.51.100.60,10.0.0.5,TCP,60,SYN
2026-02-26T10:43:31.358000,198.51.100.52,10.0.0.5,TCP,60,SYN
2026-02-26T10:43:30.040000,198.51.100.57,10.0.0.5,TCP,60,SYN
2026-02-26T10:43:31.670000,198.51.100.51,10.0.0.5,TCP,60,SYN
2026-02-26T10:43:31.298000,198.51.100.83,10.0.0.5,TCP,60,SYN
2026-02-26T10:43:30.620000,198.51.100.1,10.0.0.5,TCP,60,SYN
2026-02-26T10:43:31.498000,198.51.100.24,10.0.0.5,TCP,60,SYN
2026-02-26T10:43:31.064000,198.51.100.69,10.0.0.5,TCP,60,SYN
2026-02-26T10:43:31.010000,198.51.100.96,10.0.0.5,TCP,60,SYN
2026-02-26T10:43:31.218000,198.51.100.17,10.0.0.5,TCP,60,SYN
2026-02-26T10:43:31.006000,198.51.100.35,10.0.0.5,TCP,60,SYN
2026-02-26T10:43:31.706000,198.51.100.35,10.0.0.5,TCP,60,SYN
2026-02-26T10:43:31.946000,198.51.100.28,10.0.0.5,TCP,60,SYN
2026-02-26T10:43:30.942000,198.51.100.20,10.0.0.5,TCP,60,SYN
2026-02-26T10:43:30.944000,198.51.100.29,10.0.0.5,TCP,60,SYN
2026-02-26T10:43:30.012000,198.51.100.64,10.0.0.5,TCP,60,SYN
2026-02-26T10:43:30.914000,198.51.100.45,10.0.0.5,TCP,60,SYN
2026-02-26T10:43:30.204000,198.51.100.56,10.0.0.5,TCP,60,SYN
2026-02-26T10:43:31.700000,198.51.100.7,10.0.0.5,TCP,60,SYN
2026-02-26T10:43:30.666000,198.51.100.59,10.0.0.5,TCP,60,SYN
2026-02-26T10:43:32.008000,198.51.100.99,10.0.0.5,TCP,60,SYN
2026-02-26T10:43:31.634000,198.51.100.93,10.0.0.5,TCP,60,SYN
2026-02-26T10:43:31.576000,198.51.100.69,10.0.0.5,TCP,60,SYN
2026-02-26T10:43:30.246000,198.51.100.28,10.0.0.5,TCP,60,SYN
2026-02-26T10:43:31.936000,198.51.100.21,10.0.0.5,TCP,60,SYN
2026-02-26T10:43:31.816000,198.51.100.76,10.0.0.5,TCP,60,SYN
2026-02-26T10:43:30.644000,198.51.100.32,10.0.0.5,TCP,60,SYN
2026-02-26T10:43:32.038000,198.51.100.52,10.0.0.5,TCP,60,SYN
2026-02-26T10:43:31.426000,198.51.100.85,10.0.0.5,TCP,60,SYN
2026-02-26T10:43:30.150000,198.51.100.35,10.0.0.5,TCP,60,SYN
2026-02-26T10:43:30.428000,198.51.100.45,10.0.0.5,TCP,60,SYN
2026-02-26T10:43:32.030000,198.51.100.52,10.0.0.5,TCP,60,SYN
2026-02-26T10:43:30.380000,198.51.100.4,10.0.0.5,TCP,60,SYN
2026-02-26T10:43:30.234000,198.51.100.97,10.0.0.5,TCP,60,SYN
2026-02-26T10:43:30.766000,198.51.100.42,10.0.0.5,TCP,60,SYN
2026-02-26T10:43:31.344000,198.51.100.95,10.0.0.5,TCP,60,SYN
2026-02-26T10:43:31.160000,198.51.100.1,10.0.0.5,TCP,60,SYN
2026-02-26T10:43:31.868000,198.51.100.19,10.0.0.5,TCP,60,SYN
2026-02-26T10:43:31.470000,198.51.100.49,10.0.0.5,TCP,60,SYN
2026-02-26T10:43:30.894000,198.51.100.66,10.0.0.5,TCP,60,SYN
2026-02-26T10:43:30.032000,198.51.100.77,10.0.0.5,TCP,60,SYN
2026-02-26T10:43:31.136000,198.51.100.29,10.0.0.5,TCP,60,SYN
2026-02-26T10:43:31.696000,198.51.100.14,10.0.0.5,TCP,60,SYN
2026-02-26T10:43:31.884000,198.51.100.54,10.0.0.5,TCP,60,SYN
2026-02-26T10:43:30.128000,198.51.100.77,10.0.0.5,TCP,60,SYN
2026-02-26T10:43:30.022000,198.51.100.13,10.0.0.5,TCP,60,SYN
2026-02-26T10:43:31.118000,198.51.100.60,10.0.0.5,TCP,60,SYN
2026-02-26T10:43:31.158000,198.51.100.56,10.0.0.5,TCP,60,SYN
2026-02-26T10:43:30.876000,198.51.100.78,10.0.0.5,TCP,60,SYN
2026-02-26T10:43:31.068000,198.51.100.46,10.0.0.5,TCP,60,SYN
2026-02-26T10:43:30.814000,198.51.100.43,10.0.0.5,TCP,60,SYN
2026-02-26T10:43:31.860000,198.51.100.88,10.0.0.5,TCP,60,SYN
2026-02-26T10:43:30.704000,198.51.100.69,10.0.0.5,TCP,60,SYN
2026-02-26T10:43:31.046000,198.51.100.88,10.0.0.5,TCP,60,SYN
2026-02-26T10:43:31.108000,198.51.100.10,10.0.0.5,TCP,60,SYN
2026-02-26T10:43:31.548000,198.51.100.65,10.0.0.5,TCP,60,SYN
2026-02-26T10:43:31.284000,198.51.100.69,10.0.0.5,TCP,60,SYN
2026-02-26T10:43:30.210000,198.51.100.30,10.0.0.5,TCP,60,SYN
2026-02-26T10:43:30.878000,198.51.100.33,10.0.0.5,TCP,60,SYN
2026-02-26T10:43:31.638000,198.51.100.22,10.0.0.5,TCP,60,SYN
2026-02-26T10:43:31.894000,198.51.100.95,10.0.0.5,TCP,60,SYN
2026-02-26T10:43:30.484000,198.51.100.18,10.0.0.5,TCP,60,SYN
2026-02-26T10:43:30.370000,198.51.100.32,10.0.0.5,TCP,60,SYN
2026-02-26T10:43:30.058000,198.51.100.31,10.0.0.5,TCP,60,SYN
2026-02-26T10:43:30.112000,198.51.100.9,10.0.0.5,TCP,60,SYN
2026-02-26T10:43:30.770000,198.51.100.69,10.0.0.5,TCP,60,SYN
2026-02-26T10:43:31.228000,198.51.100.35,10.0.0.5,TCP,60,SYN
2026-02-26T10:43:31.152000,198.51.100.12,10.0.0.5,TCP,60,SYN
2026-02-26T10:43:31.116000,198.51.100.52,10.0.0.5,TCP,60,SYN
2026-02-26T10:43:31.552000,198.51.100.76,10.0.0.5,TCP,60,SYN
2026-02-26T10:43:30.592000,198.51.100.3,10.0.0.5,TCP,60,SYN
2026-02-26T10:43:31.500000,198.51.100.33,10.0.0.5,TCP,60,SYN
2026-02-26T10:43:31.972000,198.51.100.81,10.0.0.5,TCP,60,SYN
2026-02-26T10:43:31.932000,198.51.100.19,10.0.0.5,TCP,60,SYN
2026-02-26T10:43:31.384000,198.51.100.80,10.0.0.5,TCP,60,SYN
2026-02-26T10:43:31.974000,198.51.100.39,10.0.0.5,TCP,60,SYN
2026-02-26T10:43:30.756000,198.51.100.47,10.0.0.5,TCP,60,SYN
2026-02-26T10:43:31.354000,198.51.100.18,10.0.0.5,TCP,60,SYN
2026-02-26T10:43:30.976000,198.51.100.99,10.0.0.5,TCP,60,SYN
2026-02-26T10:43:32.072000,198.51.100.99,10.0.0.5,TCP,60,SYN
2026-02-26T10:43:30.862000,198.51.100.22,10.0.0.5,TCP,60,SYN
2026-02-26T10:43:31.280000,198.51.100.30,10.0.0.5,TCP,60,SYN
2026-02-26T10:43:31.088000,198.51.100.94,10.0.0.5,TCP,60,SYN
2026-02-26T10:43:30.800000,198.51.100.27,10.0.0.5,TCP,60,SYN
2026-02-26T10:43:30.248000,198.51.100.27,10.0.0.5,TCP,60,SYN
2026-02-26T10:43:30.062000,198.51.100.70,10.0.0.5,TCP,60,SYN
2026-02-26T10:43:31.778000,198.51.100.31,10.0.0.5,TCP,60,SYN
2026-02-26T10:43:31.350000,198.51.100.91,10.0.0.5,TCP,60,SYN
2026-02-26T10:43:31.428000,198.51.100.67,10.0.0.5,TCP,60,SYN
2026-02-26T10:43:30.320000,198.51.100.78,10.0.0.5,TCP,60,SYN
2026-02-26T10:43:31.254000,198.51.100.59,10.0.0.5,TCP,60,SYN
2026-02-26T10:43:30.222000,198.51.100.1,10.0.0.5,TCP,60,SYN
2026-02-26T10:43:31.012000,198.51.100.56,10.0.0.5,TCP,60,SYN
2026-02-26T10:43:30.586000,198.51.100.63,10.0.0.5,TCP,60,SYN
2026-02-26T10:43:30.046000,198.51.100.40,10.0.0.5,TCP,60,SYN
2026-02-26T10:43:30.996000,198.51.100.46,10.0.0.5,TCP,60,SYN
2026-02-26T10:43:31.372000,198.51.100.4,10.0.0.5,TCP,60,SYN
2026-02-26T10:43:30.998000,198.51.100.63,10.0.0.5,TCP,60,SYN
2026-02-26T10:43:30.780000,198.51.100.9,10.0.0.5,TCP,60,SYN
2026-02-26T10:43:31.408000,198.51.100.79,10.0.0.5,TCP,60,SYN
2026-02-26T10:43:31.414000,198.51.100.15,10.0.0.5,TCP,60,SYN
2026-02-26T10:43:31.444000,198.51.100.71,10.0.0.5,TCP,60,SYN
2026-02-26T10:43:32.042000,198.51.100.82,10.0.0.5,TCP,60,SYN
2026-02-26T10:43:30.270000,198.51.100.41,10.0.0.5,TCP,60,SYN
2026-02-26T10:43:30.080000,198.51.100.71,10.0.0.5,TCP,60,SYN
2026-02-26T10:43:31.784000,198.51.100.21,10.0.0.5,TCP,60,SYN
2026-02-26T10:43:30.974000,198.51.100.81,10.0.0.5,TCP,60,SYN
2026-02-26T10:43:32,198.51.100.27,10.0.0.5,TCP,60,SYN
2026-02-26T10:43:31.020000,198.51.100.44,10.0.0.5,TCP,60,SYN
2026-02-26T10:43:31.370000,198.51.100.32,10.0.0.5,TCP,60,SYN
2026-02-26T10:43:31.016000,198.51.100.4,10.0.0.5,TCP,60,SYN
2026-02-26T10:43:31.602000,198.51.100.34,10.0.0.5,TCP,60,SYN
2026-02-26T10:43:30.390000,198.51.100.54,10.0.0.5,TCP,60,SYN
2026-02-26T10:43:31.450000,198.51.100.41,10.0.0.5,TCP,60,SYN
2026-02-26T10:43:31.600000,198.51.100.52,10.0.0.5,TCP,60,SYN
2026-02-26T10:43:31.674000,198.51.100.80,10.0.0.5,TCP,60,SYN
2026-02-26T10:43:31.188000,198.51.100.22,10.0.0.5,TCP,60,SYN
2026-02-26T10:43:31.410000,198.51.100.76,10.0.0.5,TCP,60,SYN
2026-02-26T10:43:30.650000,198.51.100.34,10.0.0.5,TCP,60,SYN
2026-02-26T10:43:31.716000,198.51.100.20,10.0.0.5,TCP,60,SYN
2026-02-26T10:43:30.042000,198.51.100.57,10.0.0.5,TCP,60,SYN
2026-02-26T10:43:31.586000,198.51.100.62,10.0.0.5,TCP,60,SYN
2026-02-26T10:43:30.010000,198.51.100.95,10.0.0.5,TCP,60,SYN
2026-02-26T10:43:30.794000,198.51.100.42,10.0.0.5,TCP,60,SYN
2026-02-26T10:43:30.730000,198.51.100.65,10.0.0.5,TCP,60,SYN
2026-02-26T10:43:30.078000,198.51.100.25,10.0.0.5,TCP,60,SYN
2026-02-26T10:43:30.130000,198.51.100.59,10.0.0.5,TCP,60,SYN
2026-02-26T10:43:30.018000,198.51.100.41,10.0.0.5,TCP,60,SYN
2026-02-26T10:43:31.122000,198.51.100.82,10.0.0.5,TCP,60,SYN
2026-02-26T10:43:31.942000,198.51.100.73,10.0.0.5,TCP,60,SYN
2026-02-26T10:43:30.004000,198.51.100.30,10.0.0.5,TCP,60,SYN
2026-02-26T10:43:30.448000,198.51.100.79,10.0.0.5,TCP,60,SYN
2026-02-26T10:43:31.622000,198.51.100.16,10.0.0.5,TCP,60,SYN
2026-02-26T10:43:31.060000,198.51.100.59,10.0.0.5,TCP,60,SYN
2026-02-26T10:43:31.264000,198.51.100.29,10.0.0.5,TCP,60,SYN
2026-02-26T10:43:31.272000,198.51.100.10,10.0.0.5,TCP,60,SYN
2026-02-26T10:43:30.864000,198.51.100.54,10.0.0.5,TCP,60,SYN
2026-02-26T10:43:30.884000,198.51.100.27,10.0.0.5,TCP,60,SYN
2026-02-26T10:43:31.342000,198.51.100.67,10.0.0.5,TCP,60,SYN
2026-02-26T10:43:31.528000,198.51.100.18,10.0.0.5,TCP,60,SYN
2026-02-26T10:43:31.542000,198.51.100.2,10.0.0.5,TCP,60,SYN
2026-02-26T10:43:31.090000,198.51.100.37,10.0.0.5,TCP,60,SYN
2026-02-26T10:43:30.496000,198.51.100.49,10.0.0.5,TCP,60,SYN
2026-02-26T10:43:30.100000,198.51.100.49,10.0.0.5,TCP,60,SYN
2026-02-26T10:43:30.524000,198.51.100.97,10.0.0.5,TCP,60,SYN
2026-02-26T10:43:31.684000,198.51.100.11,10.0.0.5,TCP,60,SYN
2026-02-26T10:43:31.186000,198.51.100.74,10.0.0.5,TCP,60,SYN
2026-02-26T10:43:31.508000,198.51.100.28,10.0.0.5,TCP,60,SYN
2026-02-26T10:43:31.704000,198.51.100.82,10.0.0.5,TCP,60,SYN
2026-02-26T10:43:31.978000,198.51.100.90,10.0.0.5,TCP,60,SYN
2026-02-26T10:43:31.926000,198.51.100.49,10.0.0.5,TCP,60,SYN
2026-02-26T10:43:30.266000,198.51.100.34,10.0.0.5,TCP,60,SYN
2026-02-26T10:43:31.724000,198.51.100.44,10.0.0.5,TCP,60,SYN
2026-02-26T10:43:30.714000,198.51.100.81,10.0.0.5,TCP,60,SYN
2026-02-26T10:43:30.304000,198.51.100.86,10.0.0.5,TCP,60,SYN
2026-02-26T10:43:30.758000,198.51.100.62,10.0.0.5,TCP,60,SYN
2026-02-26T10:43:31.140000,198.51.100.24,10.0.0.5,TCP,60,SYN
2026-02-26T10:43:31.376000,198.51.100.71,10.0.0.5,TCP,60,SYN
2026-02-26T10:43:31.534000,198.51.100.28,10.0.0.5,TCP,60,SYN
2026-02-26T10:43:31.672000,198.51.100.47,10.0.0.5,TCP,60,SYN
2026-02-26T10:43:31.964000,198.51.100.9,10.0.0.5,TCP,60,SYN
2026-02-26T10:43:30.098000,198.51.100.6,10.0.0.5,TCP,60,SYN
2026-02-26T10:43:30.476000,198.51.100.15,10.0.0.5,TCP,60,SYN
2026-02-26T10:43:31.398000,198.51.100.16,10.0.0.5,TCP,60,SYN
2026-02-26T10:43:30.664000,198.51.100.95,10.0.0.5,TCP,60,SYN
2026-02-26T10:43:30.582000,198.51.100.67,10.0.0.5,TCP,60,SYN
2026-02-26T10:43:30.908000,198.51.100.50,10.0.0.5,TCP,60,SYN
2026-02-26T10:43:30.870000,198.51.100.94,10.0.0.5,TCP,60,SYN
2026-02-26T10:43:32.010000,198.51.100.78,10.0.0.5,TCP,60,SYN
2026-02-26T10:43:30.506000,198.51.100.58,10.0.0.5,TCP,60,SYN
2026-02-26T10:43:32.104000,198.51.100.43,10.0.0.5,TCP,60,SYN
2026-02-26T10:43:30.324000,198.51.100.70,10.0.0.5,TCP,60,SYN
2026-02-26T10:43:31.976000,198.51.100.3,10.0.0.5,TCP,60,SYN
2026-02-26T10:43:30.798000,198.51.100.20,10.0.0.5,TCP,60,SYN
2026-02-26T10:43:31.252000,198.51.100.19,10.0.0.5,TCP,60,SYN
2026-02-26T10:43:32.134000,198.51.100.98,10.0.0.5,TCP,60,SYN
2026-02-26T10:43:30.806000,198.51.100.29,10.0.0.5,TCP,60,SYN
2026-02-26T10:43:31.642000,198.51.100.70,10.0.0.5,TCP,60,SYN
2026-02-26T10:43:30.552000,198.51.100.2,10.0.0.5,TCP,60,SYN
2026-02-26T10:43:30.030000,198.51.100.43,10.0.0.5,TCP,60,SYN
2026-02-26T10:43:30.596000,198.51.100.68,10.0.0.5,TCP,60,SYN
2026-02-26T10:43:30.606000,198.51.100.77,10.0.0.5,TCP,60,SYN
2026-02-26T10:43:30.354000,198.51.100.7,10.0.0.5,TCP,60,SYN
2026-02-26T10:43:30.086000,198.51.100.43,10.0.0.5,TCP,60,SYN
2026-02-26T10:43:30.008000,198.51.100.85,10.0.0.5,TCP,60,SYN
2026-02-26T10:43:31.850000,198.51.100.2,10.0.0.5,TCP,60,SYN
2026-02-26T10:43:30.584000,198.51.100.15,10.0.0.5,TCP,60,SYN
2026-02-26T10:43:30.218000,198.51.100.18,10.0.0.5,TCP,60,SYN
2026-02-26T10:43:30.734000,198.51.100.92,10.0.0.5,TCP,60,SYN
2026-02-26T10:43:31.392000,198.51.100.31,10.0.0.5,TCP,60,SYN
2026-02-26T10:43:32.048000,198.51.100.17,10.0.0.5,TCP,60,SYN
2026-02-26T10:43:30.082000,198.51.100.33,10.0.0.5,TCP,60,SYN
2026-02-26T10:43:30.658000,198.51.100.29,10.0.0.5,TCP,60,SYN
2026-02-26T10:43:31.388000,198.51.100.80,10.0.0.5,TCP,60,SYN
2026-02-26T10:43:30.866000,198.51.100.75,10.0.0.5,TCP,60,SYN
2026-02-26T10:43:30.614000,198.51.100.17,10.0.0.5,TCP,60,SYN
2026-02-26T10:43:31.984000,198.51.100.95,10.0.0.5,TCP,60,SYN
2026-02-26T10:43:30.286000,198.51.100.91,10.0.0.5,TCP,60,SYN
2026-02-26T10:43:32.090000,198.51.100.31,10.0.0.5,TCP,60,SYN
2026-02-26T10:43:30.900000,198.51.100.52,10.0.0.5,TCP,60,SYN
2026-02-26T10:43:31.076000,198.51.100.69,10.0.0.5,TCP,60,SYN
2026-02-26T10:43:30.154000,198.51.100.18,10.0.0.5,TCP,60,SYN
2026-02-26T10:43:30.626000,198.51.100.30,10.0.0.5,TCP,60,SYN
2026-02-26T10:43:31.230000,198.51.100.60,10.0.0.5,TCP,60,SYN
2026-02-26T10:43:31.956000,198.51.100.8,10.0.0.5,TCP,60,SYN
2026-02-26T10:43:31.124000,198.51.100.30,10.0.0.5,TCP,60,SYN
2026-02-26T10:43:31.466000,198.51.100.32,10.0.0.5,TCP,60,SYN
2026-02-26T10:43:30.550000,198.51.100.28,10.0.0.5,TCP,60,SYN
2026-02-26T10:43:30.160000,198.51.100.59,10.0.0.5,TCP,60,SYN
2026-02-26T10:43:31.656000,198.51.100.59,10.0.0.5,TCP,60,SYN
2026-02-26T10:43:30.746000,198.51.100.28,10.0.0.5,TCP,60,SYN
2026-02-26T10:43:31.102000,198.51.100.83,10.0.0.5,TCP,60,SYN
2026-02-26T10:43:30.750000,198.51.100.99,10.0.0.5,TCP,60,SYN
2026-02-26T10:43:31.660000,198.51.100.88,10.0.0.5,TCP,60,SYN
2026-02-26T10:43:31.302000,198.51.100.41,10.0.0.5,TCP,60,SYN
2026-02-26T10:43:30.366000,198.51.100.8,10.0.0.5,TCP,60,SYN
2026-02-26T10:43:30.422000,198.51.100.56,10.0.0.5,TCP,60,SYN
2026-02-26T10:43:31.266000,198.51.100.56,10.0.0.5,TCP,60,SYN
2026-02-26T10:43:31.078000,198.51.100.53,10.0.0.5,TCP,60,SYN
2026-02-26T10:43:31.130000,198.51.100.89,10.0.0.5,TCP,60,SYN
2026-02-26T10:43:32.108000,198.51.100.48,10.0.0.5,TCP,60,SYN
2026-02-26T10:43:30.830000,198.51.100.15,10.0.0.5,TCP,60,SYN
2026-02-26T10:43:30.272000,198.51.100.74,10.0.0.5,TCP,60,SYN
2026-02-26T10:43:31.054000,198.51.100.99,10.0.0.5,TCP,60,SYN
2026-02-26T10:43:31.994000,198.51.100.52,10.0.0.5,TCP,60,SYN
2026-02-26T10:43:31.980000,198.51.100.84,10.0.0.5,TCP,60,SYN
2026-02-26T10:43:30.294000,198.51.100.99,10.0.0.5,TCP,60,SYN
2026-02-26T10:43:31.462000,198.51.100.41,10.0.0.5,TCP,60,SYN
2026-02-26T10:43:30.638000,198.51.100.25,10.0.0.5,TCP,60,SYN
2026-02-26T10:43:31.474000,198.51.100.17,10.0.0.5,TCP,60,SYN
2026-02-26T10:43:30.888000,198.51.100.5,10.0.0.5,TCP,60,SYN
2026-02-26T10:43:30.622000,198.51.100.16,10.0.0.5,TCP,60,SYN
2026-02-26T10:43:30.312000,198.51.100.25,10.0.0.5,TCP,60,SYN
2026-02-26T10:43:30.338000,198.51.100.14,10.0.0.5,TCP,60,SYN
2026-02-26T10:43:31.718000,198.51.100.90,10.0.0.5,TCP,60,SYN
2026-02-26T10:43:31.506000,198.51.100.26,10.0.0.5,TCP,60,SYN
2026-02-26T10:43:31.052000,198.51.100.53,10.0.0.5,TCP,60,SYN
2026-02-26T10:43:31.826000,198.51.100.80,10.0.0.5,TCP,60,SYN
2026-02-26T10:43:31.610000,198.51.100.74,10.0.0.5,TCP,60,SYN
2026-02-26T10:43:31.750000,198.51.100.40,10.0.0.5,TCP,60,SYN
2026-02-26T10:43:31.458000,198.51.100.44,10.0.0.5,TCP,60,SYN
2026-02-26T10:43:31.688000,198.51.100.57,10.0.0.5,TCP,60,SYN
2026-02-26T10:43:31.888000,198.51.100.85,10.0.0.5,TCP,60,SYN
2026-02-26T10:43:30.076000,198.51.100.9,10.0.0.5,TCP,60,SYN
2026-02-26T10:43:30.534000,198.51.100.15,10.0.0.5,TCP,60,SYN
2026-02-26T10:43:31.726000,198.51.100.60,10.0.0.5,TCP,60,SYN
2026-02-26T10:43:31.848000,198.51.100.78,10.0.0.5,TCP,60,SYN
2026-02-26T10:43:31.842000,198.51.100.20,10.0.0.5,TCP,60,SYN
2026-02-26T10:43:30.220000,198.51.100.83,10.0.0.5,TCP,60,SYN
2026-02-26T10:43:31.484000,198.51.100.19,10.0.0.5,TCP,60,SYN
2026-02-26T10:43:32.050000,198.51.100.84,10.0.0.5,TCP,60,SYN
2026-02-26T10:43:31.138000,198.51.100.10,10.0.0.5,TCP,60,SYN
2026-02-26T10:43:31.378000,198.51.100.29,10.0.0.5,TCP,60,SYN
2026-02-26T10:43:30.812000,198.51.100.92,10.0.0.5,TCP,60,SYN
2026-02-26T10:43:32.046000,198.51.100.78,10.0.0.5,TCP,60,SYN
2026-02-26T10:43:31.084000,198.51.100.95,10.0.0.5,TCP,60,SYN
2026-02-26T10:43:30.256000,198.51.100.49,10.0.0.5,TCP,60,SYN
2026-02-26T10:43:31.594000,198.51.100.76,10.0.0.5,TCP,60,SYN
2026-02-26T10:43:31.304000,198.51.100.78,10.0.0.5,TCP,60,SYN
2026-02-26T10:43:31.636000,198.51.100.32,10.0.0.5,TCP,60,SYN
2026-02-26T10:43:31.514000,198.51.100.77,10.0.0.5,TCP,60,SYN
2026-02-26T10:43:32.118000,198.51.100.14,10.0.0.5,TCP,60,SYN
2026-02-26T10:43:31.702000,198.51.100.27,10.0.0.5,TCP,60,SYN
2026-02-26T10:43:30.466000,198.51.100.57,10.0.0.5,TCP,60,SYN
2026-02-26T10:43:31.486000,198.51.100.45,10.0.0.5,TCP,60,SYN
2026-02-26T10:43:31.882000,198.51.100.43,10.0.0.5,TCP,60,SYN
2026-02-26T10:43:30.330000,198.51.100.82,10.0.0.5,TCP,60,SYN
2026-02-26T10:43:31.686000,198.51.100.7,10.0.0.5,TCP,60,SYN
2026-02-26T10:43:30.394000,198.51.100.34,10.0.0.5,TCP,60,SYN
2026-02-26T10:43:31.034000,198.51.100.5,10.0.0.5,TCP,60,SYN
2026-02-26T10:43:31.968000,198.51.100.82,10.0.0.5,TCP,60,SYN
2026-02-26T10:43:30.612000,198.51.100.70,10.0.0.5,TCP,60,SYN
2026-02-26T10:43:31.322000,198.51.100.75,10.0.0.5,TCP,60,SYN
2026-02-26T10:43:30.326000,198.51.100.71,10.0.0.5,TCP,60,SYN
2026-02-26T10:43:31.880000,198.51.100.9,10.0.0.5,TCP,60,SYN
2026-02-26T10:43:31.452000,198.51.100.44,10.0.0.5,TCP,60,SYN
2026-02-26T10:43:31.772000,198.51.100.68,10.0.0.5,TCP,60,SYN
2026-02-26T10:43:31.852000,198.51.100.58,10.0.0.5,TCP,60,SYN
2026-02-26T10:43:30.796000,198.51.100.22,10.0.0.5,TCP,60,SYN
2026-02-26T10:43:31.134000,198.51.100.71,10.0.0.5,TCP,60,SYN
2026-02-26T10:43:30.520000,198.51.100.96,10.0.0.5,TCP,60,SYN
2026-02-26T10:43:30.144000,198.51.100.36,10.0.0.5,TCP,60,SYN
2026-02-26T10:43:30.382000,198.51.100.64,10.0.0.5,TCP,60,SYN
2026-02-26T10:43:30.260000,198.51.100.96,10.0.0.5,TCP,60,SYN
2026-02-26T10:43:30.180000,198.51.100.25,10.0.0.5,TCP,60,SYN
2026-02-26T10:43:31.290000,198.51.100.27,10.0.0.5,TCP,60,SYN
2026-02-26T10:43:30.054000,198.51.100.59,10.0.0.5,TCP,60,SYN
2026-02-26T10:43:31.346000,198.51.100.41,10.0.0.5,TCP,60,SYN
2026-02-26T10:43:30.852000,198.51.100.16,10.0.0.5,TCP,60,SYN
2026-02-26T10:43:30.652000,198.51.100.70,10.0.0.5,TCP,60,SYN
2026-02-26T10:43:30.140000,198.51.100.44,10.0.0.5,TCP,60,SYN
2026-02-26T10:43:31.572000,198.51.100.50,10.0.0.5,TCP,60,SYN
2026-02-26T10:43:32.128000,198.51.100.32,10.0.0.5,TCP,60,SYN
2026-02-26T10:43:32.016000,198.51.100.97,10.0.0.5,TCP,60,SYN
2026-02-26T10:43:31.668000,198.51.100.72,10.0.0.5,TCP,60,SYN
2026-02-26T10:43:31.178000,198.51.100.97,10.0.0.5,TCP,60,SYN
2026-02-26T10:43:31.788000,198.51.100.5,10.0.0.5,TCP,60,SYN
2026-02-26T10:43:30.906000,198.51.100.44,10.0.0.5,TCP,60,SYN
2026-02-26T10:43:30.662000,198.51.100.92,10.0.0.5,TCP,60,SYN
2026-02-26T10:43:31.182000,198.51.100.9,10.0.0.5,TCP,60,SYN
2026-02-26T10:43:30.268000,198.51.100.30,10.0.0.5,TCP,60,SYN
2026-02-26T10:43:30.356000,198.51.100.11,10.0.0.5,TCP,60,SYN
2026-02-26T10:43:31.556000,198.51.100.90,10.0.0.5,TCP,60,SYN
2026-02-26T10:43:30.754000,198.51.100.64,10.0.0.5,TCP,60,SYN
2026-02-26T10:43:30.514000,198.51.100.37,10.0.0.5,TCP,60,SYN
2026-02-26T10:43:31.630000,198.51.100.57,10.0.0.5,TCP,60,SYN
2026-02-26T10:43:30.292000,198.51.100.66,10.0.0.5,TCP,60,SYN
2026-02-26T10:43:31.246000,198.51.100.41,10.0.0.5,TCP,60,SYN
2026-02-26T10:43:31.196000,198.51.100.99,10.0.0.5,TCP,60,SYN
2026-02-26T10:43:30.096000,198.51.100.85,10.0.0.5,TCP,60,SYN
2026-02-26T10:43:30.132000,198.51.100.7,10.0.0.5,TCP,60,SYN
2026-02-26T10:43:31.044000,198.51.100.89,10.0.0.5,TCP,60,SYN
2026-02-26T10:43:30.184000,198.51.100.64,10.0.0.5,TCP,60,SYN
2026-02-26T10:43:30.816000,198.51.100.70,10.0.0.5,TCP,60,SYN
2026-02-26T10:43:30.708000,198.51.100.82,10.0.0.5,TCP,60,SYN
2026-02-26T10:43:31.812000,198.51.100.23,10.0.0.5,TCP,60,SYN
2026-02-26T10:43:30.118000,198.51.100.2,10.0.0.5,TCP,60,SYN
2026-02-26T10:43:31.998000,198.51.100.90,10.0.0.5,TCP,60,SYN
2026-02-26T10:43:30.722000,198.51.100.50,10.0.0.5,TCP,60,SYN
2026-02-26T10:43:30.106000,198.51.100.59,10.0.0.5,TCP,60,SYN
2026-02-26T10:43:30.072000,198.51.100.25,10.0.0.5,TCP,60,SYN
2026-02-26T10:43:31.934000,198.51.100.65,10.0.0.5,TCP,60,SYN
2026-02-26T10:43:31.412000,198.51.100.80,10.0.0.5,TCP,60,SYN
2026-02-26T10:43:31.810000,198.51.100.30,10.0.0.5,TCP,60,SYN
2026-02-26T10:43:30.880000,198.51.100.49,10.0.0.5,TCP,60,SYN
2026-02-26T10:43:31.908000,198.51.100.90,10.0.0.5,TCP,60,SYN
2026-02-26T10:43:32.094000,198.51.100.76,10.0.0.5,TCP,60,SYN
2026-02-26T10:43:31.808000,198.51.100.43,10.0.0.5,TCP,60,SYN
2026-02-26T10:43:31.058000,198.51.100.90,10.0.0.5,TCP,60,SYN
2026-02-26T10:43:31.770000,198.51.100.12,10.0.0.5,TCP,60,SYN
2026-02-26T10:43:30.898000,198.51.100.78,10.0.0.5,TCP,60,SYN
2026-02-26T10:43:30.050000,198.51.100.49,10.0.0.5,TCP,60,SYN
2026-02-26T10:43:30.462000,198.51.100.19,10.0.0.5,TCP,60,SYN
2026-02-26T10:43:30.352000,198.51.100.40,10.0.0.5,TCP,60,SYN
2026-02-26T10:43:30.934000,198.51.100.68,10.0.0.5,TCP,60,SYN
2026-02-26T10:43:32.120000,198.51.100.51,10.0.0.5,TCP,60,SYN
2026-02-26T10:43:30.772000,198.51.100.92,10.0.0.5,TCP,60,SYN
2026-02-26T10:43:30.146000,198.51.100.54,10.0.0.5,TCP,60,SYN
2026-02-26T10:43:30.228000,198.51.100.92,10.0.0.5,TCP,60,SYN
2026-02-26T10:43:31.872000,198.51.100.57,10.0.0.5,TCP,60,SYN
2026-02-26T10:43:30.718000,198.51.100.25,10.0.0.5,TCP,60,SYN
2026-02-26T10:43:30.782000,198.51.100.39,10.0.0.5,TCP,60,SYN
2026-02-26T10:43:31.004000,198.51.100.42,10.0.0.5,TCP,60,SYN
2026-02-26T10:43:30.510000,198.51.100.96,10.0.0.5,TCP,60,SYN
2026-02-26T10:43:30.066000,198.51.100.27,10.0.0.5,TCP,60,SYN
2026-02-26T10:43:30.508000,198.51.100.87,10.0.0.5,TCP,60,SYN
2026-02-26T10:43:31.714000,198.51.100.6,10.0.0.5,TCP,60,SYN
2026-02-26T10:43:31.416000,198.51.100.10,10.0.0.5,TCP,60,SYN
2026-02-26T10:43:30.346000,198.51.100.87,10.0.0.5,TCP,60,SYN
2026-02-26T10:43:30.560000,198.51.100.3,10.0.0.5,TCP,60,SYN
2026-02-26T10:43:31.520000,198.51.100.96,10.0.0.5,TCP,60,SYN
2026-02-26T10:43:30.194000,198.51.100.77,10.0.0.5,TCP,60,SYN
2026-02-26T10:43:31.818000,198.51.100.90,10.0.0.5,TCP,60,SYN
2026-02-26T10:43:31.862000,198.51.100.34,10.0.0.5,TCP,60,SYN
2026-02-26T10:43:31.550000,198.51.100.93,10.0.0.5,TCP,60,SYN
2026-02-26T10:43:30.504000,198.51.100.45,10.0.0.5,TCP,60,SYN
2026-02-26T10:43:30.778000,198.51.100.36,10.0.0.5,TCP,60,SYN
2026-02-26T10:43:30.186000,198.51.100.70,10.0.0.5,TCP,60,SYN
2026-02-26T10:43:31.628000,198.51.100.17,10.0.0.5,TCP,60,SYN
2026-02-26T10:43:30.088000,198.51.100.15,10.0.0.5,TCP,60,SYN
2026-02-26T10:43:30.358000,198.51.100.27,10.0.0.5,TCP,60,SYN
2026-02-26T10:43:31.270000,198.51.100.30,10.0.0.5,TCP,60,SYN
2026-02-26T10:43:30.810000,198.51.100.33,10.0.0.5,TCP,60,SYN
2026-02-26T10:43:31.982000,198.51.100.68,10.0.0.5,TCP,60,SYN
2026-02-26T10:43:31.596000,198.51.100.95,10.0.0.5,TCP,60,SYN
2026-02-26T10:43:30.642000,198.51.100.8,10.0.0.5,TCP,60,SYN
2026-02-26T10:43:31.950000,198.51.100.6,10.0.0.5,TCP,60,SYN
2026-02-26T10:43:30.954000,198.51.100.55,10.0.0.5,TCP,60,SYN
2026-02-26T10:43:31.798000,198.51.100.75,10.0.0.5,TCP,60,SYN
2026-02-26T10:43:30.378000,198.51.100.99,10.0.0.5,TCP,60,SYN
2026-02-26T10:43:30.540000,198.51.100.11,10.0.0.5,TCP,60,SYN
2026-02-26T10:43:30.532000,198.51.100.12,10.0.0.5,TCP,60,SYN
2026-02-26T10:43:30.762000,198.51.100.12,10.0.0.5,TCP,60,SYN
2026-02-26T10:43:31.632000,198.51.100.85,10.0.0.5,TCP,60,SYN
2026-02-26T10:43:31.992000,198.51.100.60,10.0.0.5,TCP,60,SYN
2026-02-26T10:43:30.374000,198.51.100.92,10.0.0.5,TCP,60,SYN
2026-02-26T10:43:32.116000,198.51.100.74,10.0.0.5,TCP,60,SYN
2026-02-26T10:43:30.110000,198.51.100.47,10.0.0.5,TCP,60,SYN
2026-02-26T10:43:30.526000,198.51.100.11,10.0.0.5,TCP,60,SYN
2026-02-26T10:43:31.368000,198.51.100.32,10.0.0.5,TCP,60,SYN
2026-02-26T10:43:31.482000,198.51.100.55,10.0.0.5,TCP,60,SYN
2026-02-26T10:43:30.178000,198.51.100.93,10.0.0.5,TCP,60,SYN
2026-02-26T10:43:30.316000,198.51.100.12,10.0.0.5,TCP,60,SYN
2026-02-26T10:43:31.580000,198.51.100.99,10.0.0.5,TCP,60,SYN
2026-02-26T10:43:31.960000,198.51.100.38,10.0.0.5,TCP,60,SYN
2026-02-26T10:43:30.828000,198.51.100.73,10.0.0.5,TCP,60,SYN
2026-02-26T10:43:30.214000,198.51.100.98,10.0.0.5,TCP,60,SYN
2026-02-26T10:43:31.028000,198.51.100.91,10.0.0.5,TCP,60,SYN
2026-02-26T10:43:31.640000,198.51.100.80,10.0.0.5,TCP,60,SYN
2026-02-26T10:43:31.962000,198.51.100.55,10.0.0.5,TCP,60,SYN
2026-02-26T10:43:31.734000,198.51.100.28,10.0.0.5,TCP,60,SYN
2026-02-26T10:43:30.488000,198.51.100.25,10.0.0.5,TCP,60,SYN
2026-02-26T10:43:31.448000,198.51.100.56,10.0.0.5,TCP,60,SYN
2026-02-26T10:43:30.024000,198.51.100.23,10.0.0.5,TCP,60,SYN
2026-02-26T10:43:31.612000,198.51.100.50,10.0.0.5,TCP,60,SYN
2026-02-26T10:43:30.538000,198.51.100.36,10.0.0.5,TCP,60,SYN
2026-02-26T10:43:30.548000,198.51.100.28,10.0.0.5,TCP,60,SYN
2026-02-26T10:43:31.562000,198.51.100.56,10.0.0.5,TCP,60,SYN
2026-02-26T10:43:31.150000,198.51.100.67,10.0.0.5,TCP,60,SYN
2026-02-26T10:43:30.454000,198.51.100.42,10.0.0.5,TCP,60,SYN
2026-02-26T10:43:31.456000,198.51.100.42,10.0.0.5,TCP,60,SYN
2026-02-26T10:43:32.024000,198.51.100.70,10.0.0.5,TCP,60,SYN
2026-02-26T10:43:30.886000,198.51.100.96,10.0.0.5,TCP,60,SYN
2026-02-26T10:43:30.262000,198.51.100.29,10.0.0.5,TCP,60,SYN
2026-02-26T10:43:30.918000,198.51.100.1,10.0.0.5,TCP,60,SYN
2026-02-26T10:43:30.760000,198.51.100.84,10.0.0.5,TCP,60,SYN
2026-02-26T10:43:31.114000,198.51.100.82,10.0.0.5,TCP,60,SYN
2026-02-26T10:43:30.458000,198.51.100.60,10.0.0.5,TCP,60,SYN
2026-02-26T10:43:30.536000,198.51.100.89,10.0.0.5,TCP,60,SYN
2026-02-26T10:43:31.042000,198.51.100.6,10.0.0.5,TCP,60,SYN
2026-02-26T10:43:31.920000,198.51.100.80,10.0.0.5,TCP,60,SYN
2026-02-26T10:43:30.640000,198.51.100.32,10.0.0.5,TCP,60,SYN
2026-02-26T10:43:30.310000,198.51.100.63,10.0.0.5,TCP,60,SYN
2026-02-26T10:43:31.014000,198.51.100.56,10.0.0.5,TCP,60,SYN
2026-02-26T10:43:31.954000,198.51.100.87,10.0.0.5,TCP,60,SYN
2026-02-26T10:43:31.198000,198.51.100.60,10.0.0.5,TCP,60,SYN
2026-02-26T10:43:31.100000,198.51.100.47,10.0.0.5,TCP,60,SYN
2026-02-26T10:43:31.676000,198.51.100.6,10.0.0.5,TCP,60,SYN
2026-02-26T10:43:31.758000,198.51.100.81,10.0.0.5,TCP,60,SYN
2026-02-26T10:43:31.242000,198.51.100.86,10.0.0.5,TCP,60,SYN
2026-02-26T10:43:31.080000,198.51.100.52,10.0.0.5,TCP,60,SYN
2026-02-26T10:43:31.814000,198.51.100.12,10.0.0.5,TCP,60,SYN
2026-02-26T10:43:30.396000,198.51.100.73,10.0.0.5,TCP,60,SYN
2026-02-26T10:43:31.722000,198.51.100.82,10.0.0.5,TCP,60,SYN
2026-02-26T10:43:31.732000,198.51.100.6,10.0.0.5,TCP,60,SYN
2026-02-26T10:43:30.784000,198.51.100.31,10.0.0.5,TCP,60,SYN
2026-02-26T10:43:31.300000,198.51.100.17,10.0.0.5,TCP,60,SYN
2026-02-26T10:43:31.544000,198.51.100.53,10.0.0.5,TCP,60,SYN
2026-02-26T10:43:31.740000,198.51.100.33,10.0.0.5,TCP,60,SYN
2026-02-26T10:43:31.900000,198.51.100.55,10.0.0.5,TCP,60,SYN
2026-02-26T10:43:31.864000,198.51.100.96,10.0.0.5,TCP,60,SYN
2026-02-26T10:43:30.966000,198.51.100.38,10.0.0.5,TCP,60,SYN
2026-02-26T10:43:31.822000,198.51.100.15,10.0.0.5,TCP,60,SYN
2026-02-26T10:43:31.940000,198.51.100.99,10.0.0.5,TCP,60,SYN
2026-02-26T10:43:31.492000,198.51.100.69,10.0.0.5,TCP,60,SYN
2026-02-26T10:43:31.644000,198.51.100.35,10.0.0.5,TCP,60,SYN
2026-02-26T10:43:30.872000,198.51.100.59,10.0.0.5,TCP,60,SYN
2026-02-26T10:43:30.434000,198.51.100.86,10.0.0.5,TCP,60,SYN
2026-02-26T10:43:30.456000,198.51.100.35,10.0.0.5,TCP,60,SYN
2026-02-26T10:43:31.680000,198.51.100.43,10.0.0.5,TCP,60,SYN
2026-02-26T10:43:31.510000,198.51.100.64,10.0.0.5,TCP,60,SYN
2026-02-26T10:43:31.806000,198.51.100.74,10.0.0.5,TCP,60,SYN
2026-02-26T10:43:30.408000,198.51.100.13,10.0.0.5,TCP,60,SYN
2026-02-26T10:43:31.092000,198.51.100.95,10.0.0.5,TCP,60,SYN
2026-02-26T10:43:31.830000,198.51.100.45,10.0.0.5,TCP,60,SYN
2026-02-26T10:43:31.324000,198.51.100.74,10.0.0.5,TCP,60,SYN
2026-02-26T10:43:30.804000,198.51.100.92,10.0.0.5,TCP,60,SYN
2026-02-26T10:43:30.200000,198.51.100.37,10.0.0.5,TCP,60,SYN
2026-02-26T10:43:32.034000,198.51.100.23,10.0.0.5,TCP,60,SYN
2026-02-26T10:43:31.692000,198.51.100.69,10.0.0.5,TCP,60,SYN
2026-02-26T10:43:31.658000,198.51.100.15,10.0.0.5,TCP,60,SYN
2026-02-26T10:43:30.604000,198.51.100.52,10.0.0.5,TCP,60,SYN
2026-02-26T10:43:30.670000,198.51.100.3,10.0.0.5,TCP,60,SYN
2026-02-26T10:43:30.570000,198.51.100.72,10.0.0.5,TCP,60,SYN
2026-02-26T10:43:30.314000,198.51.100.99,10.0.0.5,TCP,60,SYN
2026-02-26T10:43:31.840000,198.51.100.1,10.0.0.5,TCP,60,SYN
2026-02-26T10:43:30.938000,198.51.100.62,10.0.0.5,TCP,60,SYN
2026-02-26T10:43:30.572000,198.51.100.89,10.0.0.5,TCP,60,SYN
2026-02-26T10:43:31.328000,198.51.100.58,10.0.0.5,TCP,60,SYN
2026-02-26T10:43:30.236000,198.51.100.72,10.0.0.5,TCP,60,SYN
2026-02-26T10:43:31.308000,198.51.100.88,10.0.0.5,TCP,60,SYN
2026-02-26T10:43:31.554000,198.51.100.73,10.0.0.5,TCP,60,SYN
2026-02-26T10:43:31.222000,198.51.100.34,10.0.0.5,TCP,60,SYN
2026-02-26T10:43:30.056000,198.51.100.99,10.0.0.5,TCP,60,SYN
2026-02-26T10:43:30.138000,198.51.100.52,10.0.0.5,TCP,60,SYN
2026-02-26T10:43:30.226000,198.51.100.83,10.0.0.5,TCP,60,SYN
2026-02-26T10:43:31.966000,198.51.100.6,10.0.0.5,TCP,60,SYN
2026-02-26T10:43:30.834000,198.51.100.72,10.0.0.5,TCP,60,SYN
2026-02-26T10:43:30.322000,198.51.100.2,10.0.0.5,TCP,60,SYN
2026-02-26T10:43:31.066000,198.51.100.99,10.0.0.5,TCP,60,SYN
2026-02-26T10:43:32.022000,198.51.100.2,10.0.0.5,TCP,60,SYN
2026-02-26T10:43:30.598000,198.51.100.63,10.0.0.5,TCP,60,SYN
2026-02-26T10:43:30.424000,198.51.100.98,10.0.0.5,TCP,60,SYN
2026-02-26T10:43:31.568000,198.51.100.31,10.0.0.5,TCP,60,SYN
2026-02-26T10:43:30.792000,198.51.100.78,10.0.0.5,TCP,60,SYN
2026-02-26T10:43:31.824000,198.51.100.97,10.0.0.5,TCP,60,SYN
2026-02-26T10:43:30.744000,198.51.100.3,10.0.0.5,TCP,60,SYN
2026-02-26T10:43:30.632000,198.51.100.41,10.0.0.5,TCP,60,SYN
2026-02-26T10:43:31.422000,198.51.100.6,10.0.0.5,TCP,60,SYN
2026-02-26T10:43:30.648000,198.51.100.80,10.0.0.5,TCP,60,SYN
2026-02-26T10:43:31.174000,198.51.100.23,10.0.0.5,TCP,60,SYN
2026-02-26T10:43:30.668000,198.51.100.74,10.0.0.5,TCP,60,SYN
2026-02-26T10:43:30.674000,198.51.100.54,10.0.0.5,TCP,60,SYN
2026-02-26T10:43:31.590000,198.51.100.47,10.0.0.5,TCP,60,SYN
2026-02-26T10:43:30.188000,198.51.100.73,10.0.0.5,TCP,60,SYN
2026-02-26T10:43:30.336000,198.51.100.14,10.0.0.5,TCP,60,SYN
2026-02-26T10:43:31.040000,198.51.100.90,10.0.0.5,TCP,60,SYN
2026-02-26T10:43:31.800000,198.51.100.43,10.0.0.5,TCP,60,SYN
2026-02-26T10:43:30.386000,198.51.100.22,10.0.0.5,TCP,60,SYN
2026-02-26T10:43:31.072000,198.51.100.7,10.0.0.5,TCP,60,SYN
2026-02-26T10:43:30.948000,198.51.100.10,10.0.0.5,TCP,60,SYN
2026-02-26T10:43:30.712000,198.51.100.76,10.0.0.5,TCP,60,SYN
2026-02-26T10:43:31.320000,198.51.100.3,10.0.0.5,TCP,60,SYN
2026-02-26T10:43:31.518000,198.51.100.84,10.0.0.5,TCP,60,SYN
2026-02-26T10:43:30.618000,198.51.100.23,10.0.0.5,TCP,60,SYN
2026-02-26T10:43:31.168000,198.51.100.33,10.0.0.5,TCP,60,SYN
2026-02-26T10:43:32.056000,198.51.100.73,10.0.0.5,TCP,60,SYN
2026-02-26T10:43:30.680000,198.51.100.8,10.0.0.5,TCP,60,SYN
2026-02-26T10:43:31.728000,198.51.100.75,10.0.0.5,TCP,60,SYN
2026-02-26T10:43:30.984000,198.51.100.15,10.0.0.5,TCP,60,SYN
2026-02-26T10:43:31.038000,198.51.100.67,10.0.0.5,TCP,60,SYN
2026-02-26T10:43:30.936000,198.51.100.34,10.0.0.5,TCP,60,SYN
2026-02-26T10:43:30.028000,198.51.100.16,10.0.0.5,TCP,60,SYN
2026-02-26T10:43:32.086000,198.51.100.90,10.0.0.5,TCP,60,SYN
2026-02-26T10:43:30.254000,198.51.100.45,10.0.0.5,TCP,60,SYN
2026-02-26T10:43:30.516000,198.51.100.34,10.0.0.5,TCP,60,SYN
2026-02-26T10:43:30.116000,198.51.100.26,10.0.0.5,TCP,60,SYN
2026-02-26T10:43:31.782000,198.51.100.37,10.0.0.5,TCP,60,SYN
2026-02-26T10:43:31.436000,198.51.100.45,10.0.0.5,TCP,60,SYN
2026-02-26T10:43:30.854000,198.51.100.22,10.0.0.5,TCP,60,SYN
2026-02-26T10:43:31.438000,198.51.100.39,10.0.0.5,TCP,60,SYN
2026-02-26T10:43:31.206000,198.51.100.74,10.0.0.5,TCP,60,SYN
2026-02-26T10:43:30.372000,198.51.100.27,10.0.0.5,TCP,60,SYN
2026-02-26T10:43:31.420000,198.51.100.24,10.0.0.5,TCP,60,SYN
2026-02-26T10:43:30.002000,198.51.100.66,10.0.0.5,TCP,60,SYN
2026-02-26T10:43:30.920000,198.51.100.3,10.0.0.5,TCP,60,SYN
2026-02-26T10:43:30.660000,198.51.100.19,10.0.0.5,TCP,60,SYN
2026-02-26T10:43:30.818000,198.51.100.22,10.0.0.5,TCP,60,SYN
2026-02-26T10:43:31.210000,198.51.100.5,10.0.0.5,TCP,60,SYN
2026-02-26T10:43:31.564000,198.51.100.56,10.0.0.5,TCP,60,SYN
2026-02-26T10:43:31.742000,198.51.100.41,10.0.0.5,TCP,60,SYN
2026-02-26T10:43:31.736000,198.51.100.83,10.0.0.5,TCP,60,SYN
2026-02-26T10:43:30.928000,198.51.100.72,10.0.0.5,TCP,60,SYN
2026-02-26T10:43:31.744000,198.51.100.35,10.0.0.5,TCP,60,SYN
2026-02-26T10:43:30.838000,198.51.100.23,10.0.0.5,TCP,60,SYN
2026-02-26T10:43:31.582000,198.51.100.38,10.0.0.5,TCP,60,SYN
2026-02-26T10:43:30.360000,198.51.100.74,10.0.0.5,TCP,60,SYN
2026-02-26T10:43:31.752000,198.51.100.70,10.0.0.5,TCP,60,SYN
2026-02-26T10:43:31.036000,198.51.100.26,10.0.0.5,TCP,60,SYN
2026-02-26T10:43:31.424000,198.51.100.95,10.0.0.5,TCP,60,SYN
2026-02-26T10:43:30.694000,198.51.100.68,10.0.0.5,TCP,60,SYN
2026-02-26T10:43:31.748000,198.51.100.59,10.0.0.5,TCP,60,SYN
2026-02-26T10:43:30.318000,198.51.100.77,10.0.0.5,TCP,60,SYN
2026-02-26T10:43:30.102000,198.51.100.48,10.0.0.5,TCP,60,SYN
2026-02-26T10:43:31.306000,198.51.100.62,10.0.0.5,TCP,60,SYN
2026-02-26T10:43:30.600000,198.51.100.18,10.0.0.5,TCP,60,SYN
2026-02-26T10:43:31.614000,198.51.100.27,10.0.0.5,TCP,60,SYN
2026-02-26T10:43:31.154000,198.51.100.36,10.0.0.5,TCP,60,SYN
2026-02-26T10:43:30.258000,198.51.100.75,10.0.0.5,TCP,60,SYN
2026-02-26T10:43:30.634000,198.51.100.68,10.0.0.5,TCP,60,SYN
2026-02-26T10:43:30.486000,198.51.100.90,10.0.0.5,TCP,60,SYN
2026-02-26T10:43:31.890000,198.51.100.1,10.0.0.5,TCP,60,SYN
2026-02-26T10:43:30.036000,198.51.100.30,10.0.0.5,TCP,60,SYN
2026-02-26T10:43:30.414000,198.51.100.15,10.0.0.5,TCP,60,SYN
2026-02-26T10:43:30.608000,198.51.100.18,10.0.0.5,TCP,60,SYN
2026-02-26T10:43:31.678000,198.51.100.71,10.0.0.5,TCP,60,SYN
2026-02-26T10:43:31.856000,198.51.100.25,10.0.0.5,TCP,60,SYN
2026-02-26T10:43:31.382000,198.51.100.25,10.0.0.5,TCP,60,SYN
2026-02-26T10:43:31.524000,198.51.100.66,10.0.0.5,TCP,60,SYN
2026-02-26T10:43:31.446000,198.51.100.24,10.0.0.5,TCP,60,SYN
2026-02-26T10:43:32.136000,198.51.100.96,10.0.0.5,TCP,60,SYN
2026-02-26T10:43:30.142000,198.51.100.6,10.0.0.5,TCP,60,SYN
2026-02-26T10:43:31.288000,198.51.100.26,10.0.0.5,TCP,60,SYN
2026-02-26T10:43:31.608000,198.51.100.73,10.0.0.5,TCP,60,SYN
2026-02-26T10:43:31.146000,198.51.100.21,10.0.0.5,TCP,60,SYN
2026-02-26T10:43:30.940000,198.51.100.49,10.0.0.5,TCP,60,SYN
2026-02-26T10:43:31.834000,198.51.100.1,10.0.0.5,TCP,60,SYN
2026-02-26T10:43:31.314000,198.51.100.50,10.0.0.5,TCP,60,SYN
2026-02-26T10:43:31.162000,198.51.100.53,10.0.0.5,TCP,60,SYN
2026-02-26T10:43:31.132000,198.51.100.96,10.0.0.5,TCP,60,SYN
2026-02-26T10:43:30.678000,198.51.100.37,10.0.0.5,TCP,60,SYN
2026-02-26T10:43:31.774000,198.51.100.85,10.0.0.5,TCP,60,SYN
2026-02-26T10:43:31.768000,198.51.100.85,10.0.0.5,TCP,60,SYN
2026-02-26T10:43:32.098000,198.51.100.62,10.0.0.5,TCP,60,SYN
2026-02-26T10:43:31,198.51.100.54,10.0.0.5,TCP,60,SYN
2026-02-26T10:43:31.592000,198.51.100.41,10.0.0.5,TCP,60,SYN
2026-02-26T10:43:30.284000,198.51.100.4,10.0.0.5,TCP,60,SYN
2026-02-26T10:43:30.924000,198.51.100.77,10.0.0.5,TCP,60,SYN
2026-02-26T10:43:31.454000,198.51.100.12,10.0.0.5,TCP,60,SYN
2026-02-26T10:43:31.538000,198.51.100.80,10.0.0.5,TCP,60,SYN
2026-02-26T10:43:31.112000,198.51.100.84,10.0.0.5,TCP,60,SYN
2026-02-26T10:43:31.258000,198.51.100.24,10.0.0.5,TCP,60,SYN
2026-02-26T10:43:31.530000,198.51.100.65,10.0.0.5,TCP,60,SYN
2026-02-26T10:43:31.574000,198.51.100.28,10.0.0.5,TCP,60,SYN
2026-02-26T10:43:30.368000,198.51.100.31,10.0.0.5,TCP,60,SYN
2026-02-26T10:43:31.336000,198.51.100.45,10.0.0.5,TCP,60,SYN
2026-02-26T10:43:30.724000,198.51.100.29,10.0.0.5,TCP,60,SYN
2026-02-26T10:43:30.250000,198.51.100.59,10.0.0.5,TCP,60,SYN
2026-02-26T10:43:31.854000,198.51.100.18,10.0.0.5,TCP,60,SYN
2026-02-26T10:43:31.690000,198.51.100.12,10.0.0.5,TCP,60,SYN
2026-02-26T10:43:31.432000,198.51.100.91,10.0.0.5,TCP,60,SYN
2026-02-26T10:43:30.840000,198.51.100.35,10.0.0.5,TCP,60,SYN
2026-02-26T10:43:30.574000,198.51.100.37,10.0.0.5,TCP,60,SYN
2026-02-26T10:43:30.748000,198.51.100.90,10.0.0.5,TCP,60,SYN
2026-02-26T10:43:32.126000,198.51.100.97,10.0.0.5,TCP,60,SYN
2026-02-26T10:43:30.740000,198.51.100.79,10.0.0.5,TCP,60,SYN
2026-02-26T10:43:31.022000,198.51.100.51,10.0.0.5,TCP,60,SYN
2026-02-26T10:43:32.004000,198.51.100.51,10.0.0.5,TCP,60,SYN
2026-02-26T10:43:31.008000,198.51.100.80,10.0.0.5,TCP,60,SYN
2026-02-26T10:43:31.396000,198.51.100.31,10.0.0.5,TCP,60,SYN
2026-02-26T10:43:31.502000,198.51.100.71,10.0.0.5,TCP,60,SYN
2026-02-26T10:43:30.094000,198.51.100.76,10.0.0.5,TCP,60,SYN
2026-02-26T10:43:30.858000,198.51.100.92,10.0.0.5,TCP,60,SYN
2026-02-26T10:43:30.240000,198.51.100.96,10.0.0.5,TCP,60,SYN
2026-02-26T10:43:30.776000,198.51.100.24,10.0.0.5,TCP,60,SYN
2026-02-26T10:43:31.756000,198.51.100.27,10.0.0.5,TCP,60,SYN
2026-02-26T10:43:31.986000,198.51.100.43,10.0.0.5,TCP,60,SYN
2026-02-26T10:43:30.232000,198.51.100.81,10.0.0.5,TCP,60,SYN
2026-02-26T10:43:31.682000,198.51.100.20,10.0.0.5,TCP,60,SYN
2026-02-26T10:43:31.730000,198.51.100.44,10.0.0.5,TCP,60,SYN
2026-02-26T10:43:31.488000,198.51.100.3,10.0.0.5,TCP,60,SYN
2026-02-26T10:43:31.404000,198.51.100.60,10.0.0.5,TCP,60,SYN
2026-02-26T10:43:30.348000,198.51.100.99,10.0.0.5,TCP,60,SYN
2026-02-26T10:43:31.780000,198.51.100.86,10.0.0.5,TCP,60,SYN
2026-02-26T10:43:32.054000,198.51.100.10,10.0.0.5,TCP,60,SYN
2026-02-26T10:43:30.244000,198.51.100.41,10.0.0.5,TCP,60,SYN
2026-02-26T10:43:30.566000,198.51.100.86,10.0.0.5,TCP,60,SYN
2026-02-26T10:43:31.802000,198.51.100.9,10.0.0.5,TCP,60,SYN
2026-02-26T10:43:31.236000,198.51.100.31,10.0.0.5,TCP,60,SYN
2026-02-26T10:43:30.512000,198.51.100.93,10.0.0.5,TCP,60,SYN
2026-02-26T10:43:31.106000,198.51.100.17,10.0.0.5,TCP,60,SYN
2026-02-26T10:43:31.292000,198.51.100.91,10.0.0.5,TCP,60,SYN
2026-02-26T10:43:30.564000,198.51.100.84,10.0.0.5,TCP,60,SYN
2026-02-26T10:43:30.788000,198.51.100.9,10.0.0.5,TCP,60,SYN
2026-02-26T10:43:31.192000,198.51.100.19,10.0.0.5,TCP,60,SYN
2026-02-26T10:43:31.616000,198.51.100.85,10.0.0.5,TCP,60,SYN
2026-02-26T10:43:30.452000,198.51.100.55,10.0.0.5,TCP,60,SYN
2026-02-26T10:43:30.930000,198.51.100.72,10.0.0.5,TCP,60,SYN
